station_id,resolution,dataset,parameter,date,value,quality,station_id,resolution,dataset,parameter,date,value,quality,station_id,resolution,dataset,parameter,date,value,quality,station_id,resolution,dataset,parameter,date,value,quality
K2635,hourly,small,temperature_air_mean_2m,2026-10-09T08:00:00.000000+00:00,9.2,,K2635,hourly,large,probability_precipitation_height_gt_0_1mm_last_1h,2026-10-09T08:00:00.000000+00:00,0.09,,K2635,hourly,large,probability_precipitation_height_gt_1mm_last_1h,2026-10-09T08:00:00.000000+00:00,0.0,,K2635,hourly,large,error_absolute_temperature_air_mean_2m,2026-10-09T08:00:00.000000+00:00,-272.45,
K2635,hourly,small,temperature_air_mean_2m,2026-10-09T09:00:00.000000+00:00,10.3,,K2635,hourly,large,probability_precipitation_height_gt_0_1mm_last_1h,2026-10-09T09:00:00.000000+00:00,0.17,,K2635,hourly,large,probability_precipitation_height_gt_1mm_last_1h,2026-10-09T09:00:00.000000+00:00,0.0,,K2635,hourly,large,error_absolute_temperature_air_mean_2m,2026-10-09T09:00:00.000000+00:00,-272.45,
K2635,hourly,small,temperature_air_mean_2m,2026-10-09T10:00:00.000000+00:00,11.0,,K2635,hourly,large,probability_precipitation_height_gt_0_1mm_last_1h,2026-10-09T10:00:00.000000+00:00,0.28,,K2635,hourly,large,probability_precipitation_height_gt_1mm_last_1h,2026-10-09T10:00:00.000000+00:00,0.01,,K2635,hourly,large,error_absolute_temperature_air_mean_2m,2026-10-09T10:00:00.000000+00:00,-272.45,
K2635,hourly,small,temperature_air_mean_2m,2026-10-09T11:00:00.000000+00:00,11.3,,K2635,hourly,large,probability_precipitation_height_gt_0_1mm_last_1h,2026-10-09T11:00:00.000000+00:00,0.54,,K2635,hourly,large,probability_precipitation_height_gt_1mm_last_1h,2026-10-09T11:00:00.000000+00:00,0.03,,K2635,hourly,large,error_absolute_temperature_air_mean_2m,2026-10-09T11:00:00.000000+00:00,-272.65,
K2635,hourly,small,temperature_air_mean_2m,2026-10-09T12:00:00.000000+00:00,11.5,,K2635,hourly,large,probability_precipitation_height_gt_0_1mm_last_1h,2026-10-09T12:00:00.000000+00:00,0.57,,K2635,hourly,large,probability_precipitation_height_gt_1mm_last_1h,2026-10-09T12:00:00.000000+00:00,0.04,,K2635,hourly,large,error_absolute_temperature_air_mean_2m,2026-10-09T12:00:00.000000+00:00,-272.55,
K2635,hourly,small,temperature_air_mean_2m,2026-10-09T13:00:00.000000+00:00,11.3,,K2635,hourly,large,probability_precipitation_height_gt_0_1mm_last_1h,2026-10-09T13:00:00.000000+00:00,0.71,,K2635,hourly,large,probability_precipitation_height_gt_1mm_last_1h,2026-10-09T13:00:00.000000+00:00,0.08,,K2635,hourly,large,error_absolute_temperature_air_mean_2m,2026-10-09T13:00:00.000000+00:00,-272.65,
K2635,hourly,small,temperature_air_mean_2m,2026-10-09T14:00:00.000000+00:00,11.3,,K2635,hourly,large,probability_precipitation_height_gt_0_1mm_last_1h,2026-10-09T14:00:00.000000+00:00,0.71,,K2635,hourly,large,probability_precipitation_height_gt_1mm_last_1h,2026-10-09T14:00:00.000000+00:00,0.13,,K2635,hourly,large,error_absolute_temperature_air_mean_2m,2026-10-09T14:00:00.000000+00:00,-272.65,
K2635,hourly,small,temperature_air_mean_2m,2026-10-09T15:00:00.000000+00:00,11.2,,K2635,hourly,large,probability_precipitation_height_gt_0_1mm_last_1h,2026-10-09T15:00:00.000000+00:00,0.62,,K2635,hourly,large,probability_precipitation_height_gt_1mm_last_1h,2026-10-09T15:00:00.000000+00:00,0.17,,K2635,hourly,large,error_absolute_temperature_air_mean_2m,2026-10-09T15:00:00.000000+00:00,-272.65,
K2635,hourly,small,temperature_air_mean_2m,2026-10-09T16:00:00.000000+00:00,10.8,,K2635,hourly,large,probability_precipitation_height_gt_0_1mm_last_1h,2026-10-09T16:00:00.000000+00:00,0.6,,K2635,hourly,large,probability_precipitation_height_gt_1mm_last_1h,2026-10-09T16:00:00.000000+00:00,0.23,,K2635,hourly,large,error_absolute_temperature_air_mean_2m,2026-10-09T16:00:00.000000+00:00,-272.55,
K2635,hourly,small,temperature_air_mean_2m,2026-10-09T17:00:00.000000+00:00,10.7,,K2635,hourly,large,probability_precipitation_height_gt_0_1mm_last_1h,2026-10-09T17:00:00.000000+00:00,0.58,,K2635,hourly,large,probability_precipitation_height_gt_1mm_last_1h,2026-10-09T17:00:00.000000+00:00,0.22,,K2635,hourly,large,error_absolute_temperature_air_mean_2m,2026-10-09T17:00:00.000000+00:00,-272.55,
K2635,hourly,small,temperature_air_mean_2m,2026-10-09T18:00:00.000000+00:00,10.8,,K2635,hourly,large,probability_precipitation_height_gt_0_1mm_last_1h,2026-10-09T18:00:00.000000+00:00,0.51,,K2635,hourly,large,probability_precipitation_height_gt_1mm_last_1h,2026-10-09T18:00:00.000000+00:00,0.12,,K2635,hourly,large,error_absolute_temperature_air_mean_2m,2026-10-09T18:00:00.000000+00:00,-272.55,
K2635,hourly,small,temperature_air_mean_2m,2026-10-09T19:00:00.000000+00:00,10.7,,K2635,hourly,large,probability_precipitation_height_gt_0_1mm_last_1h,2026-10-09T19:00:00.000000+00:00,0.41,,K2635,hourly,large,probability_precipitation_height_gt_1mm_last_1h,2026-10-09T19:00:00.000000+00:00,0.06,,K2635,hourly,large,error_absolute_temperature_air_mean_2m,2026-10-09T19:00:00.000000+00:00,-272.35,
K2635,hourly,small,temperature_air_mean_2m,2026-10-09T20:00:00.000000+00:00,11.1,,K2635,hourly,large,probability_precipitation_height_gt_0_1mm_last_1h,2026-10-09T20:00:00.000000+00:00,0.3,,K2635,hourly,large,probability_precipitation_height_gt_1mm_last_1h,2026-10-09T20:00:00.000000+00:00,0.01,,K2635,hourly,large,error_absolute_temperature_air_mean_2m,2026-10-09T20:00:00.000000+00:00,-272.35,
K2635,hourly,small,temperature_air_mean_2m,2026-10-09T21:00:00.000000+00:00,11.3,,K2635,hourly,large,probability_precipitation_height_gt_0_1mm_last_1h,2026-10-09T21:00:00.000000+00:00,0.17,,K2635,hourly,large,probability_precipitation_height_gt_1mm_last_1h,2026-10-09T21:00:00.000000+00:00,0.0,,K2635,hourly,large,error_absolute_temperature_air_mean_2m,2026-10-09T21:00:00.000000+00:00,-272.45,
K2635,hourly,small,temperature_air_mean_2m,2026-10-09T22:00:00.000000+00:00,11.4,,K2635,hourly,large,probability_precipitation_height_gt_0_1mm_last_1h,2026-10-09T22:00:00.000000+00:00,0.13,,K2635,hourly,large,probability_precipitation_height_gt_1mm_last_1h,2026-10-09T22:00:00.000000+00:00,0.01,,K2635,hourly,large,error_absolute_temperature_air_mean_2m,2026-10-09T22:00:00.000000+00:00,-272.45,
K2635,hourly,small,temperature_air_mean_2m,2026-10-09T23:00:00.000000+00:00,11.5,,K2635,hourly,large,probability_precipitation_height_gt_0_1mm_last_1h,2026-10-09T23:00:00.000000+00:00,0.22,,K2635,hourly,large,probability_precipitation_height_gt_1mm_last_1h,2026-10-09T23:00:00.000000+00:00,0.02,,K2635,hourly,large,error_absolute_temperature_air_mean_2m,2026-10-09T23:00:00.000000+00:00,-272.55,
K2635,hourly,small,temperature_air_mean_2m,2026-10-10T00:00:00.000000+00:00,11.8,,K2635,hourly,large,probability_precipitation_height_gt_0_1mm_last_1h,2026-10-10T00:00:00.000000+00:00,0.33,,K2635,hourly,large,probability_precipitation_height_gt_1mm_last_1h,2026-10-10T00:00:00.000000+00:00,0.01,,K2635,hourly,large,error_absolute_temperature_air_mean_2m,2026-10-10T00:00:00.000000+00:00,-272.25,
K2635,hourly,small,temperature_air_mean_2m,2026-10-10T01:00:00.000000+00:00,11.9,,K2635,hourly,large,probability_precipitation_height_gt_0_1mm_last_1h,2026-10-10T01:00:00.000000+00:00,0.36,,K2635,hourly,large,probability_precipitation_height_gt_1mm_last_1h,2026-10-10T01:00:00.000000+00:00,0.03,,K2635,hourly,large,error_absolute_temperature_air_mean_2m,2026-10-10T01:00:00.000000+00:00,-272.35,
K2635,hourly,small,temperature_air_mean_2m,2026-10-10T02:00:00.000000+00:00,12.0,,K2635,hourly,large,probability_precipitation_height_gt_0_1mm_last_1h,2026-10-10T02:00:00.000000+00:00,0.42,,K2635,hourly,large,probability_precipitation_height_gt_1mm_last_1h,2026-10-10T02:00:00.000000+00:00,0.04,,K2635,hourly,large,error_absolute_temperature_air_mean_2m,2026-10-10T02:00:00.000000+00:00,-272.55,
K2635,hourly,small,temperature_air_mean_2m,2026-10-10T03:00:00.000000+00:00,12.0,,K2635,hourly,large,probability_precipitation_height_gt_0_1mm_last_1h,2026-10-10T03:00:00.000000+00:00,0.43,,K2635,hourly,large,probability_precipitation_height_gt_1mm_last_1h,2026-10-10T03:00:00.000000+00:00,0.04,,K2635,hourly,large,error_absolute_temperature_air_mean_2m,2026-10-10T03:00:00.000000+00:00,-272.55,
K2635,hourly,small,temperature_air_mean_2m,2026-10-10T04:00:00.000000+00:00,11.9,,K2635,hourly,large,probability_precipitation_height_gt_0_1mm_last_1h,2026-10-10T04:00:00.000000+00:00,0.46,,K2635,hourly,large,probability_precipitation_height_gt_1mm_last_1h,2026-10-10T04:00:00.000000+00:00,0.04,,K2635,hourly,large,error_absolute_temperature_air_mean_2m,2026-10-10T04:00:00.000000+00:00,-272.65,
K2635,hourly,small,temperature_air_mean_2m,2026-10-10T05:00:00.000000+00:00,11.9,,K2635,hourly,large,probability_precipitation_height_gt_0_1mm_last_1h,2026-10-10T05:00:00.000000+00:00,0.43,,K2635,hourly,large,probability_precipitation_height_gt_1mm_last_1h,2026-10-10T05:00:00.000000+00:00,0.06,,K2635,hourly,large,error_absolute_temperature_air_mean_2m,2026-10-10T05:00:00.000000+00:00,-272.65,
K2635,hourly,small,temperature_air_mean_2m,2026-10-10T06:00:00.000000+00:00,12.1,,K2635,hourly,large,probability_precipitation_height_gt_0_1mm_last_1h,2026-10-10T06:00:00.000000+00:00,0.4,,K2635,hourly,large,probability_precipitation_height_gt_1mm_last_1h,2026-10-10T06:00:00.000000+00:00,0.04,,K2635,hourly,large,error_absolute_temperature_air_mean_2m,2026-10-10T06:00:00.000000+00:00,-272.55,
K2635,hourly,small,temperature_air_mean_2m,2026-10-10T07:00:00.000000+00:00,12.7,,K2635,hourly,large,probability_precipitation_height_gt_0_1mm_last_1h,2026-10-10T07:00:00.000000+00:00,0.34,,K2635,hourly,large,probability_precipitation_height_gt_1mm_last_1h,2026-10-10T07:00:00.000000+00:00,0.04,,K2635,hourly,large,error_absolute_temperature_air_mean_2m,2026-10-10T07:00:00.000000+00:00,-272.65,
K2635,hourly,small,temperature_air_mean_2m,2026-10-10T08:00:00.000000+00:00,13.7,,K2635,hourly,large,probability_precipitation_height_gt_0_1mm_last_1h,2026-10-10T08:00:00.000000+00:00,0.23,,K2635,hourly,large,probability_precipitation_height_gt_1mm_last_1h,2026-10-10T08:00:00.000000+00:00,0.04,,K2635,hourly,large,error_absolute_temperature_air_mean_2m,2026-10-10T08:00:00.000000+00:00,-272.65,
K2635,hourly,small,temperature_air_mean_2m,2026-10-10T09:00:00.000000+00:00,14.7,,K2635,hourly,large,probability_precipitation_height_gt_0_1mm_last_1h,2026-10-10T09:00:00.000000+00:00,0.18,,K2635,hourly,large,probability_precipitation_height_gt_1mm_last_1h,2026-10-10T09:00:00.000000+00:00,0.03,,K2635,hourly,large,error_absolute_temperature_air_mean_2m,2026-10-10T09:00:00.000000+00:00,-272.65,
K2635,hourly,small,temperature_air_mean_2m,2026-10-10T10:00:00.000000+00:00,15.4,,K2635,hourly,large,probability_precipitation_height_gt_0_1mm_last_1h,2026-10-10T10:00:00.000000+00:00,0.13,,K2635,hourly,large,probability_precipitation_height_gt_1mm_last_1h,2026-10-10T10:00:00.000000+00:00,0.02,,K2635,hourly,large,error_absolute_temperature_air_mean_2m,2026-10-10T10:00:00.000000+00:00,-272.65,
K2635,hourly,small,temperature_air_mean_2m,2026-10-10T11:00:00.000000+00:00,16.4,,K2635,hourly,large,probability_precipitation_height_gt_0_1mm_last_1h,2026-10-10T11:00:00.000000+00:00,0.15,,K2635,hourly,large,probability_precipitation_height_gt_1mm_last_1h,2026-10-10T11:00:00.000000+00:00,0.0,,K2635,hourly,large,error_absolute_temperature_air_mean_2m,2026-10-10T11:00:00.000000+00:00,-272.65,
K2635,hourly,small,temperature_air_mean_2m,2026-10-10T12:00:00.000000+00:00,16.6,,K2635,hourly,large,probability_precipitation_height_gt_0_1mm_last_1h,2026-10-10T12:00:00.000000+00:00,0.14,,K2635,hourly,large,probability_precipitation_height_gt_1mm_last_1h,2026-10-10T12:00:00.000000+00:00,0.0,,K2635,hourly,large,error_absolute_temperature_air_mean_2m,2026-10-10T12:00:00.000000+00:00,-272.65,
K2635,hourly,small,temperature_air_mean_2m,2026-10-10T13:00:00.000000+00:00,17.0,,K2635,hourly,large,probability_precipitation_height_gt_0_1mm_last_1h,2026-10-10T13:00:00.000000+00:00,0.16,,K2635,hourly,large,probability_precipitation_height_gt_1mm_last_1h,2026-10-10T13:00:00.000000+00:00,0.01,,K2635,hourly,large,error_absolute_temperature_air_mean_2m,2026-10-10T13:00:00.000000+00:00,-272.65,
K2635,hourly,small,temperature_air_mean_2m,2026-10-10T14:00:00.000000+00:00,16.9,,K2635,hourly,large,probability_precipitation_height_gt_0_1mm_last_1h,2026-10-10T14:00:00.000000+00:00,0.16,,K2635,hourly,large,probability_precipitation_height_gt_1mm_last_1h,2026-10-10T14:00:00.000000+00:00,0.01,,K2635,hourly,large,error_absolute_temperature_air_mean_2m,2026-10-10T14:00:00.000000+00:00,-272.65,
K2635,hourly,small,temperature_air_mean_2m,2026-10-10T15:00:00.000000+00:00,16.7,,K2635,hourly,large,probability_precipitation_height_gt_0_1mm_last_1h,2026-10-10T15:00:00.000000+00:00,0.14,,K2635,hourly,large,probability_precipitation_height_gt_1mm_last_1h,2026-10-10T15:00:00.000000+00:00,0.0,,K2635,hourly,large,error_absolute_temperature_air_mean_2m,2026-10-10T15:00:00.000000+00:00,-272.55,
K2635,hourly,small,temperature_air_mean_2m,2026-10-10T16:00:00.000000+00:00,15.8,,K2635,hourly,large,probability_precipitation_height_gt_0_1mm_last_1h,2026-10-10T16:00:00.000000+00:00,0.13,,K2635,hourly,large,probability_precipitation_height_gt_1mm_last_1h,2026-10-10T16:00:00.000000+00:00,0.01,,K2635,hourly,large,error_absolute_temperature_air_mean_2m,2026-10-10T16:00:00.000000+00:00,-272.45,
K2635,hourly,small,temperature_air_mean_2m,2026-10-10T17:00:00.000000+00:00,14.5,,K2635,hourly,large,probability_precipitation_height_gt_0_1mm_last_1h,2026-10-10T17:00:00.000000+00:00,0.08,,K2635,hourly,large,probability_precipitation_height_gt_1mm_last_1h,2026-10-10T17:00:00.000000+00:00,0.0,,K2635,hourly,large,error_absolute_temperature_air_mean_2m,2026-10-10T17:00:00.000000+00:00,-272.55,
K2635,hourly,small,temperature_air_mean_2m,2026-10-10T18:00:00.000000+00:00,12.9,,K2635,hourly,large,probability_precipitation_height_gt_0_1mm_last_1h,2026-10-10T18:00:00.000000+00:00,0.02,,K2635,hourly,large,probability_precipitation_height_gt_1mm_last_1h,2026-10-10T18:00:00.000000+00:00,0.01,,K2635,hourly,large,error_absolute_temperature_air_mean_2m,2026-10-10T18:00:00.000000+00:00,-272.35,
K2635,hourly,small,temperature_air_mean_2m,2026-10-10T19:00:00.000000+00:00,11.9,,K2635,hourly,large,probability_precipitation_height_gt_0_1mm_last_1h,2026-10-10T19:00:00.000000+00:00,0.04,,K2635,hourly,large,probability_precipitation_height_gt_1mm_last_1h,2026-10-10T19:00:00.000000+00:00,0.01,,K2635,hourly,large,error_absolute_temperature_air_mean_2m,2026-10-10T19:00:00.000000+00:00,-272.45,
K2635,hourly,small,temperature_air_mean_2m,2026-10-10T20:00:00.000000+00:00,11.4,,K2635,hourly,large,probability_precipitation_height_gt_0_1mm_last_1h,2026-10-10T20:00:00.000000+00:00,0.02,,K2635,hourly,large,probability_precipitation_height_gt_1mm_last_1h,2026-10-10T20:00:00.000000+00:00,0.01,,K2635,hourly,large,error_absolute_temperature_air_mean_2m,2026-10-10T20:00:00.000000+00:00,-272.55,
K2635,hourly,small,temperature_air_mean_2m,2026-10-10T21:00:00.000000+00:00,11.0,,K2635,hourly,large,probability_precipitation_height_gt_0_1mm_last_1h,2026-10-10T21:00:00.000000+00:00,0.01,,K2635,hourly,large,probability_precipitation_height_gt_1mm_last_1h,2026-10-10T21:00:00.000000+00:00,0.01,,K2635,hourly,large,error_absolute_temperature_air_mean_2m,2026-10-10T21:00:00.000000+00:00,-272.25,
K2635,hourly,small,temperature_air_mean_2m,2026-10-10T22:00:00.000000+00:00,10.5,,K2635,hourly,large,probability_precipitation_height_gt_0_1mm_last_1h,2026-10-10T22:00:00.000000+00:00,0.03,,K2635,hourly,large,probability_precipitation_height_gt_1mm_last_1h,2026-10-10T22:00:00.000000+00:00,0.01,,K2635,hourly,large,error_absolute_temperature_air_mean_2m,2026-10-10T22:00:00.000000+00:00,-272.25,
K2635,hourly,small,temperature_air_mean_2m,2026-10-10T23:00:00.000000+00:00,10.2,,K2635,hourly,large,probability_precipitation_height_gt_0_1mm_last_1h,2026-10-10T23:00:00.000000+00:00,0.02,,K2635,hourly,large,probability_precipitation_height_gt_1mm_last_1h,2026-10-10T23:00:00.000000+00:00,0.01,,K2635,hourly,large,error_absolute_temperature_air_mean_2m,2026-10-10T23:00:00.000000+00:00,-272.15,
K2635,hourly,small,temperature_air_mean_2m,2026-10-11T00:00:00.000000+00:00,9.9,,K2635,hourly,large,probability_precipitation_height_gt_0_1mm_last_1h,2026-10-11T00:00:00.000000+00:00,0.03,,K2635,hourly,large,probability_precipitation_height_gt_1mm_last_1h,2026-10-11T00:00:00.000000+00:00,0.0,,K2635,hourly,large,error_absolute_temperature_air_mean_2m,2026-10-11T00:00:00.000000+00:00,-272.15,
K2635,hourly,small,temperature_air_mean_2m,2026-10-11T01:00:00.000000+00:00,9.8,,K2635,hourly,large,probability_precipitation_height_gt_0_1mm_last_1h,2026-10-11T01:00:00.000000+00:00,0.04,,K2635,hourly,large,probability_precipitation_height_gt_1mm_last_1h,2026-10-11T01:00:00.000000+00:00,0.0,,K2635,hourly,large,error_absolute_temperature_air_mean_2m,2026-10-11T01:00:00.000000+00:00,-272.25,
K2635,hourly,small,temperature_air_mean_2m,2026-10-11T02:00:00.000000+00:00,9.6,,K2635,hourly,large,probability_precipitation_height_gt_0_1mm_last_1h,2026-10-11T02:00:00.000000+00:00,0.03,,K2635,hourly,large,probability_precipitation_height_gt_1mm_last_1h,2026-10-11T02:00:00.000000+00:00,0.0,,K2635,hourly,large,error_absolute_temperature_air_mean_2m,2026-10-11T02:00:00.000000+00:00,-272.35,
K2635,hourly,small,temperature_air_mean_2m,2026-10-11T03:00:00.000000+00:00,9.3,,K2635,hourly,large,probability_precipitation_height_gt_0_1mm_last_1h,2026-10-11T03:00:00.000000+00:00,0.04,,K2635,hourly,large,probability_precipitation_height_gt_1mm_last_1h,2026-10-11T03:00:00.000000+00:00,0.0,,K2635,hourly,large,error_absolute_temperature_air_mean_2m,2026-10-11T03:00:00.000000+00:00,-272.25,
K2635,hourly,small,temperature_air_mean_2m,2026-10-11T04:00:00.000000+00:00,9.2,,K2635,hourly,large,probability_precipitation_height_gt_0_1mm_last_1h,2026-10-11T04:00:00.000000+00:00,0.09,,K2635,hourly,large,probability_precipitation_height_gt_1mm_last_1h,2026-10-11T04:00:00.000000+00:00,0.01,,K2635,hourly,large,error_absolute_temperature_air_mean_2m,2026-10-11T04:00:00.000000+00:00,-272.35,
K2635,hourly,small,temperature_air_mean_2m,2026-10-11T05:00:00.000000+00:00,9.1,,K2635,hourly,large,probability_precipitation_height_gt_0_1mm_last_1h,2026-10-11T05:00:00.000000+00:00,0.09,,K2635,hourly,large,probability_precipitation_height_gt_1mm_last_1h,2026-10-11T05:00:00.000000+00:00,0.01,,K2635,hourly,large,error_absolute_temperature_air_mean_2m,2026-10-11T05:00:00.000000+00:00,-272.35,
K2635,hourly,small,temperature_air_mean_2m,2026-10-11T06:00:00.000000+00:00,9.3,,K2635,hourly,large,probability_precipitation_height_gt_0_1mm_last_1h,2026-10-11T06:00:00.000000+00:00,0.07,,K2635,hourly,large,probability_precipitation_height_gt_1mm_last_1h,2026-10-11T06:00:00.000000+00:00,0.01,,K2635,hourly,large,error_absolute_temperature_air_mean_2m,2026-10-11T06:00:00.000000+00:00,-272.45,
K2635,hourly,small,temperature_air_mean_2m,2026-10-11T07:00:00.000000+00:00,10.0,,K2635,hourly,large,probability_precipitation_height_gt_0_1mm_last_1h,2026-10-11T07:00:00.000000+00:00,0.05,,K2635,hourly,large,probability_precipitation_height_gt_1mm_last_1h,2026-10-11T07:00:00.000000+00:00,0.0,,K2635,hourly,large,error_absolute_temperature_air_mean_2m,2026-10-11T07:00:00.000000+00:00,-272.55,
K2635,hourly,small,temperature_air_mean_2m,2026-10-11T08:00:00.000000+00:00,11.1,,K2635,hourly,large,probability_precipitation_height_gt_0_1mm_last_1h,2026-10-11T08:00:00.000000+00:00,0.06,,K2635,hourly,large,probability_precipitation_height_gt_1mm_last_1h,2026-10-11T08:00:00.000000+00:00,0.0,,K2635,hourly,large,error_absolute_temperature_air_mean_2m,2026-10-11T08:00:00.000000+00:00,-272.55,
K2635,hourly,small,temperature_air_mean_2m,2026-10-11T09:00:00.000000+00:00,12.5,,K2635,hourly,large,probability_precipitation_height_gt_0_1mm_last_1h,2026-10-11T09:00:00.000000+00:00,0.07,,K2635,hourly,large,probability_precipitation_height_gt_1mm_last_1h,2026-10-11T09:00:00.000000+00:00,0.01,,K2635,hourly,large,error_absolute_temperature_air_mean_2m,2026-10-11T09:00:00.000000+00:00,-272.55,
K2635,hourly,small,temperature_air_mean_2m,2026-10-11T10:00:00.000000+00:00,13.2,,K2635,hourly,large,probability_precipitation_height_gt_0_1mm_last_1h,2026-10-11T10:00:00.000000+00:00,0.06,,K2635,hourly,large,probability_precipitation_height_gt_1mm_last_1h,2026-10-11T10:00:00.000000+00:00,0.03,,K2635,hourly,large,error_absolute_temperature_air_mean_2m,2026-10-11T10:00:00.000000+00:00,-272.35,
K2635,hourly,small,temperature_air_mean_2m,2026-10-11T11:00:00.000000+00:00,14.1,,K2635,hourly,large,probability_precipitation_height_gt_0_1mm_last_1h,2026-10-11T11:00:00.000000+00:00,0.12,,K2635,hourly,large,probability_precipitation_height_gt_1mm_last_1h,2026-10-11T11:00:00.000000+00:00,0.03,,K2635,hourly,large,error_absolute_temperature_air_mean_2m,2026-10-11T11:00:00.000000+00:00,-272.35,
K2635,hourly,small,temperature_air_mean_2m,2026-10-11T12:00:00.000000+00:00,14.8,,K2635,hourly,large,probability_precipitation_height_gt_0_1mm_last_1h,2026-10-11T12:00:00.000000+00:00,0.12,,K2635,hourly,large,probability_precipitation_height_gt_1mm_last_1h,2026-10-11T12:00:00.000000+00:00,0.02,,K2635,hourly,large,error_absolute_temperature_air_mean_2m,2026-10-11T12:00:00.000000+00:00,-272.55,
K2635,hourly,small,temperature_air_mean_2m,2026-10-11T13:00:00.000000+00:00,15.1,,K2635,hourly,large,probability_precipitation_height_gt_0_1mm_last_1h,2026-10-11T13:00:00.000000+00:00,0.19,,K2635,hourly,large,probability_precipitation_height_gt_1mm_last_1h,2026-10-11T13:00:00.000000+00:00,0.01,,K2635,hourly,large,error_absolute_temperature_air_mean_2m,2026-10-11T13:00:00.000000+00:00,-272.45,
K2635,hourly,small,temperature_air_mean_2m,2026-10-11T14:00:00.000000+00:00,15.3,,K2635,hourly,large,probability_precipitation_height_gt_0_1mm_last_1h,2026-10-11T14:00:00.000000+00:00,0.21,,K2635,hourly,large,probability_precipitation_height_gt_1mm_last_1h,2026-10-11T14:00:00.000000+00:00,0.01,,K2635,hourly,large,error_absolute_temperature_air_mean_2m,2026-10-11T14:00:00.000000+00:00,-272.45,
K2635,hourly,small,temperature_air_mean_2m,2026-10-11T15:00:00.000000+00:00,14.9,,K2635,hourly,large,probability_precipitation_height_gt_0_1mm_last_1h,2026-10-11T15:00:00.000000+00:00,0.19,,K2635,hourly,large,probability_precipitation_height_gt_1mm_last_1h,2026-10-11T15:00:00.000000+00:00,0.01,,K2635,hourly,large,error_absolute_temperature_air_mean_2m,2026-10-11T15:00:00.000000+00:00,-272.55,
K2635,hourly,small,temperature_air_mean_2m,2026-10-11T16:00:00.000000+00:00,14.0,,K2635,hourly,large,probability_precipitation_height_gt_0_1mm_last_1h,2026-10-11T16:00:00.000000+00:00,0.15,,K2635,hourly,large,probability_precipitation_height_gt_1mm_last_1h,2026-10-11T16:00:00.000000+00:00,0.01,,K2635,hourly,large,error_absolute_temperature_air_mean_2m,2026-10-11T16:00:00.000000+00:00,-272.55,
K2635,hourly,small,temperature_air_mean_2m,2026-10-11T17:00:00.000000+00:00,12.9,,K2635,hourly,large,probability_precipitation_height_gt_0_1mm_last_1h,2026-10-11T17:00:00.000000+00:00,0.08,,K2635,hourly,large,probability_precipitation_height_gt_1mm_last_1h,2026-10-11T17:00:00.000000+00:00,0.0,,K2635,hourly,large,error_absolute_temperature_air_mean_2m,2026-10-11T17:00:00.000000+00:00,-272.45,
K2635,hourly,small,temperature_air_mean_2m,2026-10-11T18:00:00.000000+00:00,11.6,,K2635,hourly,large,probability_precipitation_height_gt_0_1mm_last_1h,2026-10-11T18:00:00.000000+00:00,0.06,,K2635,hourly,large,probability_precipitation_height_gt_1mm_last_1h,2026-10-11T18:00:00.000000+00:00,0.0,,K2635,hourly,large,error_absolute_temperature_air_mean_2m,2026-10-11T18:00:00.000000+00:00,-272.35,
K2635,hourly,small,temperature_air_mean_2m,2026-10-11T19:00:00.000000+00:00,10.9,,K2635,hourly,large,probability_precipitation_height_gt_0_1mm_last_1h,2026-10-11T19:00:00.000000+00:00,0.04,,K2635,hourly,large,probability_precipitation_height_gt_1mm_last_1h,2026-10-11T19:00:00.000000+00:00,0.0,,K2635,hourly,large,error_absolute_temperature_air_mean_2m,2026-10-11T19:00:00.000000+00:00,-272.15,
K2635,hourly,small,temperature_air_mean_2m,2026-10-11T20:00:00.000000+00:00,10.1,,K2635,hourly,large,probability_precipitation_height_gt_0_1mm_last_1h,2026-10-11T20:00:00.000000+00:00,0.02,,K2635,hourly,large,probability_precipitation_height_gt_1mm_last_1h,2026-10-11T20:00:00.000000+00:00,0.0,,K2635,hourly,large,error_absolute_temperature_air_mean_2m,2026-10-11T20:00:00.000000+00:00,-272.15,
K2635,hourly,small,temperature_air_mean_2m,2026-10-11T21:00:00.000000+00:00,9.2,,K2635,hourly,large,probability_precipitation_height_gt_0_1mm_last_1h,2026-10-11T21:00:00.000000+00:00,0.03,,K2635,hourly,large,probability_precipitation_height_gt_1mm_last_1h,2026-10-11T21:00:00.000000+00:00,0.0,,K2635,hourly,large,error_absolute_temperature_air_mean_2m,2026-10-11T21:00:00.000000+00:00,-272.15,
K2635,hourly,small,temperature_air_mean_2m,2026-10-11T22:00:00.000000+00:00,8.6,,K2635,hourly,large,probability_precipitation_height_gt_0_1mm_last_1h,2026-10-11T22:00:00.000000+00:00,0.03,,K2635,hourly,large,probability_precipitation_height_gt_1mm_last_1h,2026-10-11T22:00:00.000000+00:00,0.0,,K2635,hourly,large,error_absolute_temperature_air_mean_2m,2026-10-11T22:00:00.000000+00:00,-272.05,
K2635,hourly,small,temperature_air_mean_2m,2026-10-11T23:00:00.000000+00:00,8.2,,K2635,hourly,large,probability_precipitation_height_gt_0_1mm_last_1h,2026-10-11T23:00:00.000000+00:00,0.04,,K2635,hourly,large,probability_precipitation_height_gt_1mm_last_1h,2026-10-11T23:00:00.000000+00:00,0.0,,K2635,hourly,large,error_absolute_temperature_air_mean_2m,2026-10-11T23:00:00.000000+00:00,-271.75,
K2635,hourly,small,temperature_air_mean_2m,2026-10-12T00:00:00.000000+00:00,7.5,,K2635,hourly,large,probability_precipitation_height_gt_0_1mm_last_1h,2026-10-12T00:00:00.000000+00:00,0.03,,K2635,hourly,large,probability_precipitation_height_gt_1mm_last_1h,2026-10-12T00:00:00.000000+00:00,0.0,,K2635,hourly,large,error_absolute_temperature_air_mean_2m,2026-10-12T00:00:00.000000+00:00,-271.65,
K2635,hourly,small,temperature_air_mean_2m,2026-10-12T01:00:00.000000+00:00,7.1,,K2635,hourly,large,probability_precipitation_height_gt_0_1mm_last_1h,2026-10-12T01:00:00.000000+00:00,0.05,,K2635,hourly,large,probability_precipitation_height_gt_1mm_last_1h,2026-10-12T01:00:00.000000+00:00,0.0,,K2635,hourly,large,error_absolute_temperature_air_mean_2m,2026-10-12T01:00:00.000000+00:00,-271.55,
K2635,hourly,small,temperature_air_mean_2m,2026-10-12T02:00:00.000000+00:00,6.8,,K2635,hourly,large,probability_precipitation_height_gt_0_1mm_last_1h,2026-10-12T02:00:00.000000+00:00,0.05,,K2635,hourly,large,probability_precipitation_height_gt_1mm_last_1h,2026-10-12T02:00:00.000000+00:00,0.0,,K2635,hourly,large,error_absolute_temperature_air_mean_2m,2026-10-12T02:00:00.000000+00:00,-271.45,
K2635,hourly,small,temperature_air_mean_2m,2026-10-12T03:00:00.000000+00:00,6.0,,K2635,hourly,large,probability_precipitation_height_gt_0_1mm_last_1h,2026-10-12T03:00:00.000000+00:00,0.05,,K2635,hourly,large,probability_precipitation_height_gt_1mm_last_1h,2026-10-12T03:00:00.000000+00:00,0.0,,K2635,hourly,large,error_absolute_temperature_air_mean_2m,2026-10-12T03:00:00.000000+00:00,-271.45,
K2635,hourly,small,temperature_air_mean_2m,2026-10-12T04:00:00.000000+00:00,5.9,,K2635,hourly,large,probability_precipitation_height_gt_0_1mm_last_1h,2026-10-12T04:00:00.000000+00:00,0.04,,K2635,hourly,large,probability_precipitation_height_gt_1mm_last_1h,2026-10-12T04:00:00.000000+00:00,0.0,,K2635,hourly,large,error_absolute_temperature_air_mean_2m,2026-10-12T04:00:00.000000+00:00,-271.45,
K2635,hourly,small,temperature_air_mean_2m,2026-10-12T05:00:00.000000+00:00,5.9,,K2635,hourly,large,probability_precipitation_height_gt_0_1mm_last_1h,2026-10-12T05:00:00.000000+00:00,0.04,,K2635,hourly,large,probability_precipitation_height_gt_1mm_last_1h,2026-10-12T05:00:00.000000+00:00,0.0,,K2635,hourly,large,error_absolute_temperature_air_mean_2m,2026-10-12T05:00:00.000000+00:00,-271.35,
K2635,hourly,small,temperature_air_mean_2m,2026-10-12T06:00:00.000000+00:00,6.6,,K2635,hourly,large,probability_precipitation_height_gt_0_1mm_last_1h,2026-10-12T06:00:00.000000+00:00,0.03,,K2635,hourly,large,probability_precipitation_height_gt_1mm_last_1h,2026-10-12T06:00:00.000000+00:00,0.0,,K2635,hourly,large,error_absolute_temperature_air_mean_2m,2026-10-12T06:00:00.000000+00:00,-271.15,
K2635,hourly,small,temperature_air_mean_2m,2026-10-12T07:00:00.000000+00:00,7.3,,K2635,hourly,large,probability_precipitation_height_gt_0_1mm_last_1h,2026-10-12T07:00:00.000000+00:00,0.03,,K2635,hourly,large,probability_precipitation_height_gt_1mm_last_1h,2026-10-12T07:00:00.000000+00:00,0.0,,K2635,hourly,large,error_absolute_temperature_air_mean_2m,2026-10-12T07:00:00.000000+00:00,-271.65,
K2635,hourly,small,temperature_air_mean_2m,2026-10-12T08:00:00.000000+00:00,8.9,,K2635,hourly,large,probability_precipitation_height_gt_0_1mm_last_1h,2026-10-12T08:00:00.000000+00:00,0.02,,K2635,hourly,large,probability_precipitation_height_gt_1mm_last_1h,2026-10-12T08:00:00.000000+00:00,0.0,,K2635,hourly,large,error_absolute_temperature_air_mean_2m,2026-10-12T08:00:00.000000+00:00,-271.95,
K2635,hourly,small,temperature_air_mean_2m,2026-10-12T09:00:00.000000+00:00,10.9,,K2635,hourly,large,probability_precipitation_height_gt_0_1mm_last_1h,2026-10-12T09:00:00.000000+00:00,0.02,,K2635,hourly,large,probability_precipitation_height_gt_1mm_last_1h,2026-10-12T09:00:00.000000+00:00,0.01,,K2635,hourly,large,error_absolute_temperature_air_mean_2m,2026-10-12T09:00:00.000000+00:00,-272.25,
K2635,hourly,small,temperature_air_mean_2m,2026-10-12T10:00:00.000000+00:00,12.5,,K2635,hourly,large,probability_precipitation_height_gt_0_1mm_last_1h,2026-10-12T10:00:00.000000+00:00,0.05,,K2635,hourly,large,probability_precipitation_height_gt_1mm_last_1h,2026-10-12T10:00:00.000000+00:00,0.0,,K2635,hourly,large,error_absolute_temperature_air_mean_2m,2026-10-12T10:00:00.000000+00:00,-272.15,
K2635,hourly,small,temperature_air_mean_2m,2026-10-12T11:00:00.000000+00:00,13.6,,K2635,hourly,large,probability_precipitation_height_gt_0_1mm_last_1h,2026-10-12T11:00:00.000000+00:00,0.04,,K2635,hourly,large,probability_precipitation_height_gt_1mm_last_1h,2026-10-12T11:00:00.000000+00:00,0.0,,K2635,hourly,large,error_absolute_temperature_air_mean_2m,2026-10-12T11:00:00.000000+00:00,-272.15,
K2635,hourly,small,temperature_air_mean_2m,2026-10-12T12:00:00.000000+00:00,14.9,,K2635,hourly,large,probability_precipitation_height_gt_0_1mm_last_1h,2026-10-12T12:00:00.000000+00:00,0.06,,K2635,hourly,large,probability_precipitation_height_gt_1mm_last_1h,2026-10-12T12:00:00.000000+00:00,0.0,,K2635,hourly,large,error_absolute_temperature_air_mean_2m,2026-10-12T12:00:00.000000+00:00,-271.85,
K2635,hourly,small,temperature_air_mean_2m,2026-10-12T13:00:00.000000+00:00,15.4,,K2635,hourly,large,probability_precipitation_height_gt_0_1mm_last_1h,2026-10-12T13:00:00.000000+00:00,0.03,,K2635,hourly,large,probability_precipitation_height_gt_1mm_last_1h,2026-10-12T13:00:00.000000+00:00,0.0,,K2635,hourly,large,error_absolute_temperature_air_mean_2m,2026-10-12T13:00:00.000000+00:00,-271.85,
K2635,hourly,small,temperature_air_mean_2m,2026-10-12T14:00:00.000000+00:00,15.9,,K2635,hourly,large,probability_precipitation_height_gt_0_1mm_last_1h,2026-10-12T14:00:00.000000+00:00,0.02,,K2635,hourly,large,probability_precipitation_height_gt_1mm_last_1h,2026-10-12T14:00:00.000000+00:00,0.0,,K2635,hourly,large,error_absolute_temperature_air_mean_2m,2026-10-12T14:00:00.000000+00:00,-271.75,
K2635,hourly,small,temperature_air_mean_2m,2026-10-12T15:00:00.000000+00:00,15.6,,K2635,hourly,large,probability_precipitation_height_gt_0_1mm_last_1h,2026-10-12T15:00:00.000000+00:00,0.02,,K2635,hourly,large,probability_precipitation_height_gt_1mm_last_1h,2026-10-12T15:00:00.000000+00:00,0.0,,K2635,hourly,large,error_absolute_temperature_air_mean_2m,2026-10-12T15:00:00.000000+00:00,-271.95,
K2635,hourly,small,temperature_air_mean_2m,2026-10-12T16:00:00.000000+00:00,14.6,,K2635,hourly,large,probability_precipitation_height_gt_0_1mm_last_1h,2026-10-12T16:00:00.000000+00:00,0.02,,K2635,hourly,large,probability_precipitation_height_gt_1mm_last_1h,2026-10-12T16:00:00.000000+00:00,0.0,,K2635,hourly,large,error_absolute_temperature_air_mean_2m,2026-10-12T16:00:00.000000+00:00,-272.25,
K2635,hourly,small,temperature_air_mean_2m,2026-10-12T17:00:00.000000+00:00,13.2,,K2635,hourly,large,probability_precipitation_height_gt_0_1mm_last_1h,2026-10-12T17:00:00.000000+00:00,0.01,,K2635,hourly,large,probability_precipitation_height_gt_1mm_last_1h,2026-10-12T17:00:00.000000+00:00,0.0,,K2635,hourly,large,error_absolute_temperature_air_mean_2m,2026-10-12T17:00:00.000000+00:00,-272.05,
K2635,hourly,small,temperature_air_mean_2m,2026-10-12T18:00:00.000000+00:00,11.7,,K2635,hourly,large,probability_precipitation_height_gt_0_1mm_last_1h,2026-10-12T18:00:00.000000+00:00,0.03,,K2635,hourly,large,probability_precipitation_height_gt_1mm_last_1h,2026-10-12T18:00:00.000000+00:00,0.0,,K2635,hourly,large,error_absolute_temperature_air_mean_2m,2026-10-12T18:00:00.000000+00:00,-271.85,
K2635,hourly,small,temperature_air_mean_2m,2026-10-12T19:00:00.000000+00:00,11.0,,K2635,hourly,large,probability_precipitation_height_gt_0_1mm_last_1h,2026-10-12T19:00:00.000000+00:00,0.01,,K2635,hourly,large,probability_precipitation_height_gt_1mm_last_1h,2026-10-12T19:00:00.000000+00:00,0.01,,K2635,hourly,large,error_absolute_temperature_air_mean_2m,2026-10-12T19:00:00.000000+00:00,-271.85,
K2635,hourly,small,temperature_air_mean_2m,2026-10-12T20:00:00.000000+00:00,10.1,,K2635,hourly,large,probability_precipitation_height_gt_0_1mm_last_1h,2026-10-12T20:00:00.000000+00:00,0.02,,K2635,hourly,large,probability_precipitation_height_gt_1mm_last_1h,2026-10-12T20:00:00.000000+00:00,0.0,,K2635,hourly,large,error_absolute_temperature_air_mean_2m,2026-10-12T20:00:00.000000+00:00,-271.85,
K2635,hourly,small,temperature_air_mean_2m,2026-10-12T21:00:00.000000+00:00,9.4,,K2635,hourly,large,probability_precipitation_height_gt_0_1mm_last_1h,2026-10-12T21:00:00.000000+00:00,0.01,,K2635,hourly,large,probability_precipitation_height_gt_1mm_last_1h,2026-10-12T21:00:00.000000+00:00,0.0,,K2635,hourly,large,error_absolute_temperature_air_mean_2m,2026-10-12T21:00:00.000000+00:00,-271.85,
K2635,hourly,small,temperature_air_mean_2m,2026-10-12T22:00:00.000000+00:00,8.8,,K2635,hourly,large,probability_precipitation_height_gt_0_1mm_last_1h,2026-10-12T22:00:00.000000+00:00,0.01,,K2635,hourly,large,probability_precipitation_height_gt_1mm_last_1h,2026-10-12T22:00:00.000000+00:00,0.0,,K2635,hourly,large,error_absolute_temperature_air_mean_2m,2026-10-12T22:00:00.000000+00:00,-271.75,
K2635,hourly,small,temperature_air_mean_2m,2026-10-12T23:00:00.000000+00:00,8.4,,K2635,hourly,large,probability_precipitation_height_gt_0_1mm_last_1h,2026-10-12T23:00:00.000000+00:00,0.01,,K2635,hourly,large,probability_precipitation_height_gt_1mm_last_1h,2026-10-12T23:00:00.000000+00:00,0.0,,K2635,hourly,large,error_absolute_temperature_air_mean_2m,2026-10-12T23:00:00.000000+00:00,-271.55,
K2635,hourly,small,temperature_air_mean_2m,2026-10-13T00:00:00.000000+00:00,7.7,,K2635,hourly,large,probability_precipitation_height_gt_0_1mm_last_1h,2026-10-13T00:00:00.000000+00:00,0.01,,K2635,hourly,large,probability_precipitation_height_gt_1mm_last_1h,2026-10-13T00:00:00.000000+00:00,0.0,,K2635,hourly,large,error_absolute_temperature_air_mean_2m,2026-10-13T00:00:00.000000+00:00,-271.25,
K2635,hourly,small,temperature_air_mean_2m,2026-10-13T01:00:00.000000+00:00,7.2,,K2635,hourly,large,probability_precipitation_height_gt_0_1mm_last_1h,2026-10-13T01:00:00.000000+00:00,0.02,,K2635,hourly,large,probability_precipitation_height_gt_1mm_last_1h,2026-10-13T01:00:00.000000+00:00,0.0,,K2635,hourly,large,error_absolute_temperature_air_mean_2m,2026-10-13T01:00:00.000000+00:00,-271.25,
K2635,hourly,small,temperature_air_mean_2m,2026-10-13T02:00:00.000000+00:00,6.9,,K2635,hourly,large,probability_precipitation_height_gt_0_1mm_last_1h,2026-10-13T02:00:00.000000+00:00,0.03,,K2635,hourly,large,probability_precipitation_height_gt_1mm_last_1h,2026-10-13T02:00:00.000000+00:00,0.0,,K2635,hourly,large,error_absolute_temperature_air_mean_2m,2026-10-13T02:00:00.000000+00:00,-271.45,
K2635,hourly,small,temperature_air_mean_2m,2026-10-13T03:00:00.000000+00:00,6.6,,K2635,hourly,large,probability_precipitation_height_gt_0_1mm_last_1h,2026-10-13T03:00:00.000000+00:00,0.04,,K2635,hourly,large,probability_precipitation_height_gt_1mm_last_1h,2026-10-13T03:00:00.000000+00:00,0.0,,K2635,hourly,large,error_absolute_temperature_air_mean_2m,2026-10-13T03:00:00.000000+00:00,-271.35,
K2635,hourly,small,temperature_air_mean_2m,2026-10-13T04:00:00.000000+00:00,6.6,,K2635,hourly,large,probability_precipitation_height_gt_0_1mm_last_1h,2026-10-13T04:00:00.000000+00:00,0.02,,K2635,hourly,large,probability_precipitation_height_gt_1mm_last_1h,2026-10-13T04:00:00.000000+00:00,0.0,,K2635,hourly,large,error_absolute_temperature_air_mean_2m,2026-10-13T04:00:00.000000+00:00,-271.15,
K2635,hourly,small,temperature_air_mean_2m,2026-10-13T05:00:00.000000+00:00,6.5,,K2635,hourly,large,probability_precipitation_height_gt_0_1mm_last_1h,2026-10-13T05:00:00.000000+00:00,0.03,,K2635,hourly,large,probability_precipitation_height_gt_1mm_last_1h,2026-10-13T05:00:00.000000+00:00,0.0,,K2635,hourly,large,error_absolute_temperature_air_mean_2m,2026-10-13T05:00:00.000000+00:00,-271.05,
K2635,hourly,small,temperature_air_mean_2m,2026-10-13T06:00:00.000000+00:00,7.0,,K2635,hourly,large,probability_precipitation_height_gt_0_1mm_last_1h,2026-10-13T06:00:00.000000+00:00,0.03,,K2635,hourly,large,probability_precipitation_height_gt_1mm_last_1h,2026-10-13T06:00:00.000000+00:00,0.0,,K2635,hourly,large,error_absolute_temperature_air_mean_2m,2026-10-13T06:00:00.000000+00:00,-271.15,
K2635,hourly,small,temperature_air_mean_2m,2026-10-13T07:00:00.000000+00:00,8.2,,K2635,hourly,large,probability_precipitation_height_gt_0_1mm_last_1h,2026-10-13T07:00:00.000000+00:00,0.06,,K2635,hourly,large,probability_precipitation_height_gt_1mm_last_1h,2026-10-13T07:00:00.000000+00:00,0.0,,K2635,hourly,large,error_absolute_temperature_air_mean_2m,2026-10-13T07:00:00.000000+00:00,-271.35,
K2635,hourly,small,temperature_air_mean_2m,2026-10-13T08:00:00.000000+00:00,9.6,,K2635,hourly,large,probability_precipitation_height_gt_0_1mm_last_1h,2026-10-13T08:00:00.000000+00:00,0.1,,K2635,hourly,large,probability_precipitation_height_gt_1mm_last_1h,2026-10-13T08:00:00.000000+00:00,0.0,,K2635,hourly,large,error_absolute_temperature_air_mean_2m,2026-10-13T08:00:00.000000+00:00,-271.35,
K2635,hourly,small,temperature_air_mean_2m,2026-10-13T09:00:00.000000+00:00,11.0,,K2635,hourly,large,probability_precipitation_height_gt_0_1mm_last_1h,2026-10-13T09:00:00.000000+00:00,0.1,,K2635,hourly,large,probability_precipitation_height_gt_1mm_last_1h,2026-10-13T09:00:00.000000+00:00,0.0,,K2635,hourly,large,error_absolute_temperature_air_mean_2m,2026-10-13T09:00:00.000000+00:00,-271.75,
K2635,hourly,small,temperature_air_mean_2m,2026-10-13T10:00:00.000000+00:00,12.4,,K2635,hourly,large,probability_precipitation_height_gt_0_1mm_last_1h,2026-10-13T10:00:00.000000+00:00,0.08,,K2635,hourly,large,probability_precipitation_height_gt_1mm_last_1h,2026-10-13T10:00:00.000000+00:00,0.0,,K2635,hourly,large,error_absolute_temperature_air_mean_2m,2026-10-13T10:00:00.000000+00:00,-271.55,
K2635,hourly,small,temperature_air_mean_2m,2026-10-13T11:00:00.000000+00:00,13.8,,K2635,hourly,large,probability_precipitation_height_gt_0_1mm_last_1h,2026-10-13T11:00:00.000000+00:00,0.05,,K2635,hourly,large,probability_precipitation_height_gt_1mm_last_1h,2026-10-13T11:00:00.000000+00:00,0.0,,K2635,hourly,large,error_absolute_temperature_air_mean_2m,2026-10-13T11:00:00.000000+00:00,-271.45,
K2635,hourly,small,temperature_air_mean_2m,2026-10-13T12:00:00.000000+00:00,14.7,,K2635,hourly,large,probability_precipitation_height_gt_0_1mm_last_1h,2026-10-13T12:00:00.000000+00:00,0.04,,K2635,hourly,large,probability_precipitation_height_gt_1mm_last_1h,2026-10-13T12:00:00.000000+00:00,0.0,,K2635,hourly,large,error_absolute_temperature_air_mean_2m,2026-10-13T12:00:00.000000+00:00,-271.45,
K2635,hourly,small,temperature_air_mean_2m,2026-10-13T13:00:00.000000+00:00,15.6,,K2635,hourly,large,probability_precipitation_height_gt_0_1mm_last_1h,2026-10-13T13:00:00.000000+00:00,0.04,,K2635,hourly,large,probability_precipitation_height_gt_1mm_last_1h,2026-10-13T13:00:00.000000+00:00,0.0,,K2635,hourly,large,error_absolute_temperature_air_mean_2m,2026-10-13T13:00:00.000000+00:00,-271.45,
K2635,hourly,small,temperature_air_mean_2m,2026-10-13T14:00:00.000000+00:00,16.3,,K2635,hourly,large,probability_precipitation_height_gt_0_1mm_last_1h,2026-10-13T14:00:00.000000+00:00,0.04,,K2635,hourly,large,probability_precipitation_height_gt_1mm_last_1h,2026-10-13T14:00:00.000000+00:00,0.0,,K2635,hourly,large,error_absolute_temperature_air_mean_2m,2026-10-13T14:00:00.000000+00:00,-271.35,
K2635,hourly,small,temperature_air_mean_2m,2026-10-13T15:00:00.000000+00:00,16.1,,K2635,hourly,large,probability_precipitation_height_gt_0_1mm_last_1h,2026-10-13T15:00:00.000000+00:00,0.01,,K2635,hourly,large,probability_precipitation_height_gt_1mm_last_1h,2026-10-13T15:00:00.000000+00:00,0.0,,K2635,hourly,large,error_absolute_temperature_air_mean_2m,2026-10-13T15:00:00.000000+00:00,-271.15,
K2635,hourly,small,temperature_air_mean_2m,2026-10-13T16:00:00.000000+00:00,15.6,,K2635,hourly,large,probability_precipitation_height_gt_0_1mm_last_1h,2026-10-13T16:00:00.000000+00:00,0.02,,K2635,hourly,large,probability_precipitation_height_gt_1mm_last_1h,2026-10-13T16:00:00.000000+00:00,0.0,,K2635,hourly,large,error_absolute_temperature_air_mean_2m,2026-10-13T16:00:00.000000+00:00,-271.45,
K2635,hourly,small,temperature_air_mean_2m,2026-10-13T17:00:00.000000+00:00,14.4,,K2635,hourly,large,probability_precipitation_height_gt_0_1mm_last_1h,2026-10-13T17:00:00.000000+00:00,0.01,,K2635,hourly,large,probability_precipitation_height_gt_1mm_last_1h,2026-10-13T17:00:00.000000+00:00,0.0,,K2635,hourly,large,error_absolute_temperature_air_mean_2m,2026-10-13T17:00:00.000000+00:00,-271.75,
K2635,hourly,small,temperature_air_mean_2m,2026-10-13T18:00:00.000000+00:00,13.1,,K2635,hourly,large,probability_precipitation_height_gt_0_1mm_last_1h,2026-10-13T18:00:00.000000+00:00,0.03,,K2635,hourly,large,probability_precipitation_height_gt_1mm_last_1h,2026-10-13T18:00:00.000000+00:00,0.0,,K2635,hourly,large,error_absolute_temperature_air_mean_2m,2026-10-13T18:00:00.000000+00:00,-271.35,
K2635,hourly,small,temperature_air_mean_2m,2026-10-13T19:00:00.000000+00:00,12.2,,K2635,hourly,large,probability_precipitation_height_gt_0_1mm_last_1h,2026-10-13T19:00:00.000000+00:00,0.02,,K2635,hourly,large,probability_precipitation_height_gt_1mm_last_1h,2026-10-13T19:00:00.000000+00:00,0.0,,K2635,hourly,large,error_absolute_temperature_air_mean_2m,2026-10-13T19:00:00.000000+00:00,-271.55,
K2635,hourly,small,temperature_air_mean_2m,2026-10-13T20:00:00.000000+00:00,11.6,,K2635,hourly,large,probability_precipitation_height_gt_0_1mm_last_1h,2026-10-13T20:00:00.000000+00:00,0.01,,K2635,hourly,large,probability_precipitation_height_gt_1mm_last_1h,2026-10-13T20:00:00.000000+00:00,0.01,,K2635,hourly,large,error_absolute_temperature_air_mean_2m,2026-10-13T20:00:00.000000+00:00,-271.65,
K2635,hourly,small,temperature_air_mean_2m,2026-10-13T21:00:00.000000+00:00,11.3,,K2635,hourly,large,probability_precipitation_height_gt_0_1mm_last_1h,2026-10-13T21:00:00.000000+00:00,0.01,,K2635,hourly,large,probability_precipitation_height_gt_1mm_last_1h,2026-10-13T21:00:00.000000+00:00,0.0,,K2635,hourly,large,error_absolute_temperature_air_mean_2m,2026-10-13T21:00:00.000000+00:00,-271.55,
K2635,hourly,small,temperature_air_mean_2m,2026-10-13T22:00:00.000000+00:00,10.8,,K2635,hourly,large,probability_precipitation_height_gt_0_1mm_last_1h,2026-10-13T22:00:00.000000+00:00,0.02,,K2635,hourly,large,probability_precipitation_height_gt_1mm_last_1h,2026-10-13T22:00:00.000000+00:00,0.0,,K2635,hourly,large,error_absolute_temperature_air_mean_2m,2026-10-13T22:00:00.000000+00:00,-271.45,
K2635,hourly,small,temperature_air_mean_2m,2026-10-13T23:00:00.000000+00:00,10.3,,K2635,hourly,large,probability_precipitation_height_gt_0_1mm_last_1h,2026-10-13T23:00:00.000000+00:00,0.02,,K2635,hourly,large,probability_precipitation_height_gt_1mm_last_1h,2026-10-13T23:00:00.000000+00:00,0.0,,K2635,hourly,large,error_absolute_temperature_air_mean_2m,2026-10-13T23:00:00.000000+00:00,-271.45,
K2635,hourly,small,temperature_air_mean_2m,2026-10-14T00:00:00.000000+00:00,10.2,,K2635,hourly,large,probability_precipitation_height_gt_0_1mm_last_1h,2026-10-14T00:00:00.000000+00:00,0.02,,K2635,hourly,large,probability_precipitation_height_gt_1mm_last_1h,2026-10-14T00:00:00.000000+00:00,0.0,,K2635,hourly,large,error_absolute_temperature_air_mean_2m,2026-10-14T00:00:00.000000+00:00,-271.45,
K2635,hourly,small,temperature_air_mean_2m,2026-10-14T01:00:00.000000+00:00,9.8,,K2635,hourly,large,probability_precipitation_height_gt_0_1mm_last_1h,2026-10-14T01:00:00.000000+00:00,0.01,,K2635,hourly,large,probability_precipitation_height_gt_1mm_last_1h,2026-10-14T01:00:00.000000+00:00,0.0,,K2635,hourly,large,error_absolute_temperature_air_mean_2m,2026-10-14T01:00:00.000000+00:00,-271.35,
K2635,hourly,small,temperature_air_mean_2m,2026-10-14T02:00:00.000000+00:00,9.4,,K2635,hourly,large,probability_precipitation_height_gt_0_1mm_last_1h,2026-10-14T02:00:00.000000+00:00,0.01,,K2635,hourly,large,probability_precipitation_height_gt_1mm_last_1h,2026-10-14T02:00:00.000000+00:00,0.01,,K2635,hourly,large,error_absolute_temperature_air_mean_2m,2026-10-14T02:00:00.000000+00:00,-271.25,
K2635,hourly,small,temperature_air_mean_2m,2026-10-14T03:00:00.000000+00:00,9.7,,K2635,hourly,large,probability_precipitation_height_gt_0_1mm_last_1h,2026-10-14T03:00:00.000000+00:00,0.01,,K2635,hourly,large,probability_precipitation_height_gt_1mm_last_1h,2026-10-14T03:00:00.000000+00:00,0.0,,K2635,hourly,large,error_absolute_temperature_air_mean_2m,2026-10-14T03:00:00.000000+00:00,-271.35,
K2635,hourly,small,temperature_air_mean_2m,2026-10-14T04:00:00.000000+00:00,10.2,,K2635,hourly,large,probability_precipitation_height_gt_0_1mm_last_1h,2026-10-14T04:00:00.000000+00:00,0.02,,K2635,hourly,large,probability_precipitation_height_gt_1mm_last_1h,2026-10-14T04:00:00.000000+00:00,0.0,,K2635,hourly,large,error_absolute_temperature_air_mean_2m,2026-10-14T04:00:00.000000+00:00,-271.35,
K2635,hourly,small,temperature_air_mean_2m,2026-10-14T05:00:00.000000+00:00,10.4,,K2635,hourly,large,probability_precipitation_height_gt_0_1mm_last_1h,2026-10-14T05:00:00.000000+00:00,0.03,,K2635,hourly,large,probability_precipitation_height_gt_1mm_last_1h,2026-10-14T05:00:00.000000+00:00,0.0,,K2635,hourly,large,error_absolute_temperature_air_mean_2m,2026-10-14T05:00:00.000000+00:00,-271.45,
K2635,hourly,small,temperature_air_mean_2m,2026-10-14T06:00:00.000000+00:00,10.4,,K2635,hourly,large,probability_precipitation_height_gt_0_1mm_last_1h,2026-10-14T06:00:00.000000+00:00,0.08,,K2635,hourly,large,probability_precipitation_height_gt_1mm_last_1h,2026-10-14T06:00:00.000000+00:00,0.02,,K2635,hourly,large,error_absolute_temperature_air_mean_2m,2026-10-14T06:00:00.000000+00:00,-271.45,
K2635,hourly,small,temperature_air_mean_2m,2026-10-14T07:00:00.000000+00:00,10.9,,K2635,hourly,large,probability_precipitation_height_gt_0_1mm_last_1h,2026-10-14T07:00:00.000000+00:00,0.1,,K2635,hourly,large,probability_precipitation_height_gt_1mm_last_1h,2026-10-14T07:00:00.000000+00:00,0.01,,K2635,hourly,large,error_absolute_temperature_air_mean_2m,2026-10-14T07:00:00.000000+00:00,-271.75,
K2635,hourly,small,temperature_air_mean_2m,2026-10-14T08:00:00.000000+00:00,11.8,,K2635,hourly,large,probability_precipitation_height_gt_0_1mm_last_1h,2026-10-14T08:00:00.000000+00:00,0.09,,K2635,hourly,large,probability_precipitation_height_gt_1mm_last_1h,2026-10-14T08:00:00.000000+00:00,0.01,,K2635,hourly,large,error_absolute_temperature_air_mean_2m,2026-10-14T08:00:00.000000+00:00,-271.65,
K2635,hourly,small,temperature_air_mean_2m,2026-10-14T09:00:00.000000+00:00,12.8,,K2635,hourly,large,probability_precipitation_height_gt_0_1mm_last_1h,2026-10-14T09:00:00.000000+00:00,0.1,,K2635,hourly,large,probability_precipitation_height_gt_1mm_last_1h,2026-10-14T09:00:00.000000+00:00,0.0,,K2635,hourly,large,error_absolute_temperature_air_mean_2m,2026-10-14T09:00:00.000000+00:00,-271.55,
K2635,hourly,small,temperature_air_mean_2m,2026-10-14T10:00:00.000000+00:00,14.2,,K2635,hourly,large,probability_precipitation_height_gt_0_1mm_last_1h,2026-10-14T10:00:00.000000+00:00,0.11,,K2635,hourly,large,probability_precipitation_height_gt_1mm_last_1h,2026-10-14T10:00:00.000000+00:00,0.01,,K2635,hourly,large,error_absolute_temperature_air_mean_2m,2026-10-14T10:00:00.000000+00:00,-271.65,
K2635,hourly,small,temperature_air_mean_2m,2026-10-14T11:00:00.000000+00:00,15.2,,K2635,hourly,large,probability_precipitation_height_gt_0_1mm_last_1h,2026-10-14T11:00:00.000000+00:00,0.07,,K2635,hourly,large,probability_precipitation_height_gt_1mm_last_1h,2026-10-14T11:00:00.000000+00:00,0.01,,K2635,hourly,large,error_absolute_temperature_air_mean_2m,2026-10-14T11:00:00.000000+00:00,-271.55,
K2635,hourly,small,temperature_air_mean_2m,2026-10-14T12:00:00.000000+00:00,16.2,,K2635,hourly,large,probability_precipitation_height_gt_0_1mm_last_1h,2026-10-14T12:00:00.000000+00:00,0.04,,K2635,hourly,large,probability_precipitation_height_gt_1mm_last_1h,2026-10-14T12:00:00.000000+00:00,0.01,,K2635,hourly,large,error_absolute_temperature_air_mean_2m,2026-10-14T12:00:00.000000+00:00,-271.05,
K2635,hourly,small,temperature_air_mean_2m,2026-10-14T13:00:00.000000+00:00,17.6,,K2635,hourly,large,probability_precipitation_height_gt_0_1mm_last_1h,2026-10-14T13:00:00.000000+00:00,0.04,,K2635,hourly,large,probability_precipitation_height_gt_1mm_last_1h,2026-10-14T13:00:00.000000+00:00,0.01,,K2635,hourly,large,error_absolute_temperature_air_mean_2m,2026-10-14T13:00:00.000000+00:00,-270.95,
K2635,hourly,small,temperature_air_mean_2m,2026-10-14T14:00:00.000000+00:00,18.1,,K2635,hourly,large,probability_precipitation_height_gt_0_1mm_last_1h,2026-10-14T14:00:00.000000+00:00,0.03,,K2635,hourly,large,probability_precipitation_height_gt_1mm_last_1h,2026-10-14T14:00:00.000000+00:00,0.0,,K2635,hourly,large,error_absolute_temperature_air_mean_2m,2026-10-14T14:00:00.000000+00:00,-270.95,
K2635,hourly,small,temperature_air_mean_2m,2026-10-14T15:00:00.000000+00:00,17.8,,K2635,hourly,large,probability_precipitation_height_gt_0_1mm_last_1h,2026-10-14T15:00:00.000000+00:00,0.02,,K2635,hourly,large,probability_precipitation_height_gt_1mm_last_1h,2026-10-14T15:00:00.000000+00:00,0.01,,K2635,hourly,large,error_absolute_temperature_air_mean_2m,2026-10-14T15:00:00.000000+00:00,-271.15,
K2635,hourly,small,temperature_air_mean_2m,2026-10-14T16:00:00.000000+00:00,16.9,,K2635,hourly,large,probability_precipitation_height_gt_0_1mm_last_1h,2026-10-14T16:00:00.000000+00:00,0.04,,K2635,hourly,large,probability_precipitation_height_gt_1mm_last_1h,2026-10-14T16:00:00.000000+00:00,0.01,,K2635,hourly,large,error_absolute_temperature_air_mean_2m,2026-10-14T16:00:00.000000+00:00,-271.35,
K2635,hourly,small,temperature_air_mean_2m,2026-10-14T17:00:00.000000+00:00,15.4,,K2635,hourly,large,probability_precipitation_height_gt_0_1mm_last_1h,2026-10-14T17:00:00.000000+00:00,0.04,,K2635,hourly,large,probability_precipitation_height_gt_1mm_last_1h,2026-10-14T17:00:00.000000+00:00,0.0,,K2635,hourly,large,error_absolute_temperature_air_mean_2m,2026-10-14T17:00:00.000000+00:00,-271.45,
K2635,hourly,small,temperature_air_mean_2m,2026-10-14T18:00:00.000000+00:00,14.4,,K2635,hourly,large,probability_precipitation_height_gt_0_1mm_last_1h,2026-10-14T18:00:00.000000+00:00,0.04,,K2635,hourly,large,probability_precipitation_height_gt_1mm_last_1h,2026-10-14T18:00:00.000000+00:00,0.0,,K2635,hourly,large,error_absolute_temperature_air_mean_2m,2026-10-14T18:00:00.000000+00:00,-271.55,
K2635,hourly,small,temperature_air_mean_2m,2026-10-14T19:00:00.000000+00:00,13.5,,K2635,hourly,large,probability_precipitation_height_gt_0_1mm_last_1h,2026-10-14T19:00:00.000000+00:00,0.03,,K2635,hourly,large,probability_precipitation_height_gt_1mm_last_1h,2026-10-14T19:00:00.000000+00:00,0.0,,K2635,hourly,large,error_absolute_temperature_air_mean_2m,2026-10-14T19:00:00.000000+00:00,-271.55,
K2635,hourly,small,temperature_air_mean_2m,2026-10-14T20:00:00.000000+00:00,12.8,,K2635,hourly,large,probability_precipitation_height_gt_0_1mm_last_1h,2026-10-14T20:00:00.000000+00:00,0.01,,K2635,hourly,large,probability_precipitation_height_gt_1mm_last_1h,2026-10-14T20:00:00.000000+00:00,0.0,,K2635,hourly,large,error_absolute_temperature_air_mean_2m,2026-10-14T20:00:00.000000+00:00,-271.45,
K2635,hourly,small,temperature_air_mean_2m,2026-10-14T21:00:00.000000+00:00,12.4,,K2635,hourly,large,probability_precipitation_height_gt_0_1mm_last_1h,2026-10-14T21:00:00.000000+00:00,0.04,,K2635,hourly,large,probability_precipitation_height_gt_1mm_last_1h,2026-10-14T21:00:00.000000+00:00,0.0,,K2635,hourly,large,error_absolute_temperature_air_mean_2m,2026-10-14T21:00:00.000000+00:00,-271.35,
K2635,hourly,small,temperature_air_mean_2m,2026-10-14T22:00:00.000000+00:00,11.7,,K2635,hourly,large,probability_precipitation_height_gt_0_1mm_last_1h,2026-10-14T22:00:00.000000+00:00,0.03,,K2635,hourly,large,probability_precipitation_height_gt_1mm_last_1h,2026-10-14T22:00:00.000000+00:00,0.01,,K2635,hourly,large,error_absolute_temperature_air_mean_2m,2026-10-14T22:00:00.000000+00:00,-271.35,
K2635,hourly,small,temperature_air_mean_2m,2026-10-14T23:00:00.000000+00:00,11.5,,K2635,hourly,large,probability_precipitation_height_gt_0_1mm_last_1h,2026-10-14T23:00:00.000000+00:00,0.04,,K2635,hourly,large,probability_precipitation_height_gt_1mm_last_1h,2026-10-14T23:00:00.000000+00:00,0.0,,K2635,hourly,large,error_absolute_temperature_air_mean_2m,2026-10-14T23:00:00.000000+00:00,-271.35,
K2635,hourly,small,temperature_air_mean_2m,2026-10-15T00:00:00.000000+00:00,11.4,,K2635,hourly,large,probability_precipitation_height_gt_0_1mm_last_1h,2026-10-15T00:00:00.000000+00:00,0.03,,K2635,hourly,large,probability_precipitation_height_gt_1mm_last_1h,2026-10-15T00:00:00.000000+00:00,0.0,,K2635,hourly,large,error_absolute_temperature_air_mean_2m,2026-10-15T00:00:00.000000+00:00,-271.35,
K2635,hourly,small,temperature_air_mean_2m,2026-10-15T01:00:00.000000+00:00,11.0,,K2635,hourly,large,probability_precipitation_height_gt_0_1mm_last_1h,2026-10-15T01:00:00.000000+00:00,0.04,,K2635,hourly,large,probability_precipitation_height_gt_1mm_last_1h,2026-10-15T01:00:00.000000+00:00,0.0,,K2635,hourly,large,error_absolute_temperature_air_mean_2m,2026-10-15T01:00:00.000000+00:00,-271.25,
K2635,hourly,small,temperature_air_mean_2m,2026-10-15T02:00:00.000000+00:00,10.7,,K2635,hourly,large,probability_precipitation_height_gt_0_1mm_last_1h,2026-10-15T02:00:00.000000+00:00,0.02,,K2635,hourly,large,probability_precipitation_height_gt_1mm_last_1h,2026-10-15T02:00:00.000000+00:00,0.0,,K2635,hourly,large,error_absolute_temperature_air_mean_2m,2026-10-15T02:00:00.000000+00:00,-271.05,
K2635,hourly,small,temperature_air_mean_2m,2026-10-15T03:00:00.000000+00:00,10.6,,K2635,hourly,large,probability_precipitation_height_gt_0_1mm_last_1h,2026-10-15T03:00:00.000000+00:00,0.03,,K2635,hourly,large,probability_precipitation_height_gt_1mm_last_1h,2026-10-15T03:00:00.000000+00:00,0.0,,K2635,hourly,large,error_absolute_temperature_air_mean_2m,2026-10-15T03:00:00.000000+00:00,-270.95,
K2635,hourly,small,temperature_air_mean_2m,2026-10-15T04:00:00.000000+00:00,10.7,,K2635,hourly,large,probability_precipitation_height_gt_0_1mm_last_1h,2026-10-15T04:00:00.000000+00:00,0.03,,K2635,hourly,large,probability_precipitation_height_gt_1mm_last_1h,2026-10-15T04:00:00.000000+00:00,0.0,,K2635,hourly,large,error_absolute_temperature_air_mean_2m,2026-10-15T04:00:00.000000+00:00,-271.05,
K2635,hourly,small,temperature_air_mean_2m,2026-10-15T05:00:00.000000+00:00,10.8,,K2635,hourly,large,probability_precipitation_height_gt_0_1mm_last_1h,2026-10-15T05:00:00.000000+00:00,0.03,,K2635,hourly,large,probability_precipitation_height_gt_1mm_last_1h,2026-10-15T05:00:00.000000+00:00,0.0,,K2635,hourly,large,error_absolute_temperature_air_mean_2m,2026-10-15T05:00:00.000000+00:00,-271.45,
K2635,hourly,small,temperature_air_mean_2m,2026-10-15T06:00:00.000000+00:00,11.2,,K2635,hourly,large,probability_precipitation_height_gt_0_1mm_last_1h,2026-10-15T06:00:00.000000+00:00,0.06,,K2635,hourly,large,probability_precipitation_height_gt_1mm_last_1h,2026-10-15T06:00:00.000000+00:00,0.0,,K2635,hourly,large,error_absolute_temperature_air_mean_2m,2026-10-15T06:00:00.000000+00:00,-271.05,
K2635,hourly,small,temperature_air_mean_2m,2026-10-15T07:00:00.000000+00:00,11.8,,K2635,hourly,large,probability_precipitation_height_gt_0_1mm_last_1h,2026-10-15T07:00:00.000000+00:00,0.06,,K2635,hourly,large,probability_precipitation_height_gt_1mm_last_1h,2026-10-15T07:00:00.000000+00:00,0.0,,K2635,hourly,large,error_absolute_temperature_air_mean_2m,2026-10-15T07:00:00.000000+00:00,-271.35,
K2635,hourly,small,temperature_air_mean_2m,2026-10-15T08:00:00.000000+00:00,12.7,,K2635,hourly,large,probability_precipitation_height_gt_0_1mm_last_1h,2026-10-15T08:00:00.000000+00:00,0.09,,K2635,hourly,large,probability_precipitation_height_gt_1mm_last_1h,2026-10-15T08:00:00.000000+00:00,0.0,,K2635,hourly,large,error_absolute_temperature_air_mean_2m,2026-10-15T08:00:00.000000+00:00,-271.35,
K2635,hourly,small,temperature_air_mean_2m,2026-10-15T09:00:00.000000+00:00,13.9,,K2635,hourly,large,probability_precipitation_height_gt_0_1mm_last_1h,2026-10-15T09:00:00.000000+00:00,0.04,,K2635,hourly,large,probability_precipitation_height_gt_1mm_last_1h,2026-10-15T09:00:00.000000+00:00,0.0,,K2635,hourly,large,error_absolute_temperature_air_mean_2m,2026-10-15T09:00:00.000000+00:00,-271.15,
K2635,hourly,small,temperature_air_mean_2m,2026-10-15T10:00:00.000000+00:00,15.4,,K2635,hourly,large,probability_precipitation_height_gt_0_1mm_last_1h,2026-10-15T10:00:00.000000+00:00,0.06,,K2635,hourly,large,probability_precipitation_height_gt_1mm_last_1h,2026-10-15T10:00:00.000000+00:00,0.0,,K2635,hourly,large,error_absolute_temperature_air_mean_2m,2026-10-15T10:00:00.000000+00:00,-270.75,
K2635,hourly,small,temperature_air_mean_2m,2026-10-15T11:00:00.000000+00:00,16.0,,K2635,hourly,large,probability_precipitation_height_gt_0_1mm_last_1h,2026-10-15T11:00:00.000000+00:00,0.04,,K2635,hourly,large,probability_precipitation_height_gt_1mm_last_1h,2026-10-15T11:00:00.000000+00:00,0.0,,K2635,hourly,large,error_absolute_temperature_air_mean_2m,2026-10-15T11:00:00.000000+00:00,-270.55,
K2635,hourly,small,temperature_air_mean_2m,2026-10-15T12:00:00.000000+00:00,17.0,,K2635,hourly,large,probability_precipitation_height_gt_0_1mm_last_1h,2026-10-15T12:00:00.000000+00:00,0.06,,K2635,hourly,large,probability_precipitation_height_gt_1mm_last_1h,2026-10-15T12:00:00.000000+00:00,0.0,,K2635,hourly,large,error_absolute_temperature_air_mean_2m,2026-10-15T12:00:00.000000+00:00,-270.85,
K2635,hourly,small,temperature_air_mean_2m,2026-10-15T13:00:00.000000+00:00,17.8,,K2635,hourly,large,probability_precipitation_height_gt_0_1mm_last_1h,2026-10-15T13:00:00.000000+00:00,0.03,,K2635,hourly,large,probability_precipitation_height_gt_1mm_last_1h,2026-10-15T13:00:00.000000+00:00,0.01,,K2635,hourly,large,error_absolute_temperature_air_mean_2m,2026-10-15T13:00:00.000000+00:00,-270.75,
K2635,hourly,small,temperature_air_mean_2m,2026-10-15T14:00:00.000000+00:00,17.9,,K2635,hourly,large,probability_precipitation_height_gt_0_1mm_last_1h,2026-10-15T14:00:00.000000+00:00,0.04,,K2635,hourly,large,probability_precipitation_height_gt_1mm_last_1h,2026-10-15T14:00:00.000000+00:00,0.0,,K2635,hourly,large,error_absolute_temperature_air_mean_2m,2026-10-15T14:00:00.000000+00:00,-270.65,
K2635,hourly,small,temperature_air_mean_2m,2026-10-15T15:00:00.000000+00:00,17.5,,K2635,hourly,large,probability_precipitation_height_gt_0_1mm_last_1h,2026-10-15T15:00:00.000000+00:00,0.03,,K2635,hourly,large,probability_precipitation_height_gt_1mm_last_1h,2026-10-15T15:00:00.000000+00:00,0.01,,K2635,hourly,large,error_absolute_temperature_air_mean_2m,2026-10-15T15:00:00.000000+00:00,-270.45,
K2635,hourly,small,temperature_air_mean_2m,2026-10-15T16:00:00.000000+00:00,17.0,,K2635,hourly,large,probability_precipitation_height_gt_0_1mm_last_1h,2026-10-15T16:00:00.000000+00:00,0.03,,K2635,hourly,large,probability_precipitation_height_gt_1mm_last_1h,2026-10-15T16:00:00.000000+00:00,0.0,,K2635,hourly,large,error_absolute_temperature_air_mean_2m,2026-10-15T16:00:00.000000+00:00,-270.85,
K2635,hourly,small,temperature_air_mean_2m,2026-10-15T17:00:00.000000+00:00,16.4,,K2635,hourly,large,probability_precipitation_height_gt_0_1mm_last_1h,2026-10-15T17:00:00.000000+00:00,0.02,,K2635,hourly,large,probability_precipitation_height_gt_1mm_last_1h,2026-10-15T17:00:00.000000+00:00,0.0,,K2635,hourly,large,error_absolute_temperature_air_mean_2m,2026-10-15T17:00:00.000000+00:00,-271.25,
K2635,hourly,small,temperature_air_mean_2m,2026-10-15T18:00:00.000000+00:00,15.6,,K2635,hourly,large,probability_precipitation_height_gt_0_1mm_last_1h,2026-10-15T18:00:00.000000+00:00,0.02,,K2635,hourly,large,probability_precipitation_height_gt_1mm_last_1h,2026-10-15T18:00:00.000000+00:00,0.0,,K2635,hourly,large,error_absolute_temperature_air_mean_2m,2026-10-15T18:00:00.000000+00:00,-270.95,
K2635,hourly,small,temperature_air_mean_2m,2026-10-15T19:00:00.000000+00:00,14.4,,K2635,hourly,large,probability_precipitation_height_gt_0_1mm_last_1h,2026-10-15T19:00:00.000000+00:00,0.03,,K2635,hourly,large,probability_precipitation_height_gt_1mm_last_1h,2026-10-15T19:00:00.000000+00:00,0.01,,K2635,hourly,large,error_absolute_temperature_air_mean_2m,2026-10-15T19:00:00.000000+00:00,-271.25,
K2635,hourly,small,temperature_air_mean_2m,2026-10-15T20:00:00.000000+00:00,13.9,,K2635,hourly,large,probability_precipitation_height_gt_0_1mm_last_1h,2026-10-15T20:00:00.000000+00:00,0.03,,K2635,hourly,large,probability_precipitation_height_gt_1mm_last_1h,2026-10-15T20:00:00.000000+00:00,0.0,,K2635,hourly,large,error_absolute_temperature_air_mean_2m,2026-10-15T20:00:00.000000+00:00,-271.05,
K2635,hourly,small,temperature_air_mean_2m,2026-10-15T21:00:00.000000+00:00,13.4,,K2635,hourly,large,probability_precipitation_height_gt_0_1mm_last_1h,2026-10-15T21:00:00.000000+00:00,0.01,,K2635,hourly,large,probability_precipitation_height_gt_1mm_last_1h,2026-10-15T21:00:00.000000+00:00,0.01,,K2635,hourly,large,error_absolute_temperature_air_mean_2m,2026-10-15T21:00:00.000000+00:00,-270.95,
K2635,hourly,small,temperature_air_mean_2m,2026-10-15T22:00:00.000000+00:00,12.6,,K2635,hourly,large,probability_precipitation_height_gt_0_1mm_last_1h,2026-10-15T22:00:00.000000+00:00,0.05,,K2635,hourly,large,probability_precipitation_height_gt_1mm_last_1h,2026-10-15T22:00:00.000000+00:00,0.01,,K2635,hourly,large,error_absolute_temperature_air_mean_2m,2026-10-15T22:00:00.000000+00:00,-271.15,
K2635,hourly,small,temperature_air_mean_2m,2026-10-15T23:00:00.000000+00:00,12.1,,K2635,hourly,large,probability_precipitation_height_gt_0_1mm_last_1h,2026-10-15T23:00:00.000000+00:00,0.11,,K2635,hourly,large,probability_precipitation_height_gt_1mm_last_1h,2026-10-15T23:00:00.000000+00:00,0.01,,K2635,hourly,large,error_absolute_temperature_air_mean_2m,2026-10-15T23:00:00.000000+00:00,-271.15,
K2635,hourly,small,temperature_air_mean_2m,2026-10-16T00:00:00.000000+00:00,11.8,,K2635,hourly,large,probability_precipitation_height_gt_0_1mm_last_1h,2026-10-16T00:00:00.000000+00:00,0.11,,K2635,hourly,large,probability_precipitation_height_gt_1mm_last_1h,2026-10-16T00:00:00.000000+00:00,0.01,,K2635,hourly,large,error_absolute_temperature_air_mean_2m,2026-10-16T00:00:00.000000+00:00,-271.15,
K2635,hourly,small,temperature_air_mean_2m,2026-10-16T01:00:00.000000+00:00,11.5,,K2635,hourly,large,probability_precipitation_height_gt_0_1mm_last_1h,2026-10-16T01:00:00.000000+00:00,0.09,,K2635,hourly,large,probability_precipitation_height_gt_1mm_last_1h,2026-10-16T01:00:00.000000+00:00,0.0,,K2635,hourly,large,error_absolute_temperature_air_mean_2m,2026-10-16T01:00:00.000000+00:00,-271.05,
K2635,hourly,small,temperature_air_mean_2m,2026-10-16T02:00:00.000000+00:00,11.3,,K2635,hourly,large,probability_precipitation_height_gt_0_1mm_last_1h,2026-10-16T02:00:00.000000+00:00,0.1,,K2635,hourly,large,probability_precipitation_height_gt_1mm_last_1h,2026-10-16T02:00:00.000000+00:00,0.0,,K2635,hourly,large,error_absolute_temperature_air_mean_2m,2026-10-16T02:00:00.000000+00:00,-271.25,
K2635,hourly,small,temperature_air_mean_2m,2026-10-16T03:00:00.000000+00:00,11.1,,K2635,hourly,large,probability_precipitation_height_gt_0_1mm_last_1h,2026-10-16T03:00:00.000000+00:00,0.1,,K2635,hourly,large,probability_precipitation_height_gt_1mm_last_1h,2026-10-16T03:00:00.000000+00:00,0.0,,K2635,hourly,large,error_absolute_temperature_air_mean_2m,2026-10-16T03:00:00.000000+00:00,-271.35,
K2635,hourly,small,temperature_air_mean_2m,2026-10-16T04:00:00.000000+00:00,11.2,,K2635,hourly,large,probability_precipitation_height_gt_0_1mm_last_1h,2026-10-16T04:00:00.000000+00:00,0.1,,K2635,hourly,large,probability_precipitation_height_gt_1mm_last_1h,2026-10-16T04:00:00.000000+00:00,0.0,,K2635,hourly,large,error_absolute_temperature_air_mean_2m,2026-10-16T04:00:00.000000+00:00,-271.65,
K2635,hourly,small,temperature_air_mean_2m,2026-10-16T05:00:00.000000+00:00,11.2,,K2635,hourly,large,probability_precipitation_height_gt_0_1mm_last_1h,2026-10-16T05:00:00.000000+00:00,0.12,,K2635,hourly,large,probability_precipitation_height_gt_1mm_last_1h,2026-10-16T05:00:00.000000+00:00,0.01,,K2635,hourly,large,error_absolute_temperature_air_mean_2m,2026-10-16T05:00:00.000000+00:00,-271.95,
K2635,hourly,small,temperature_air_mean_2m,2026-10-16T06:00:00.000000+00:00,11.5,,K2635,hourly,large,probability_precipitation_height_gt_0_1mm_last_1h,2026-10-16T06:00:00.000000+00:00,0.15,,K2635,hourly,large,probability_precipitation_height_gt_1mm_last_1h,2026-10-16T06:00:00.000000+00:00,0.04,,K2635,hourly,large,error_absolute_temperature_air_mean_2m,2026-10-16T06:00:00.000000+00:00,-271.85,
K2635,hourly,small,temperature_air_mean_2m,2026-10-16T07:00:00.000000+00:00,12.0,,K2635,hourly,large,probability_precipitation_height_gt_0_1mm_last_1h,2026-10-16T07:00:00.000000+00:00,0.15,,K2635,hourly,large,probability_precipitation_height_gt_1mm_last_1h,2026-10-16T07:00:00.000000+00:00,0.02,,K2635,hourly,large,error_absolute_temperature_air_mean_2m,2026-10-16T07:00:00.000000+00:00,-271.65,
K2635,hourly,small,temperature_air_mean_2m,2026-10-16T08:00:00.000000+00:00,12.9,,K2635,hourly,large,probability_precipitation_height_gt_0_1mm_last_1h,2026-10-16T08:00:00.000000+00:00,0.18,,K2635,hourly,large,probability_precipitation_height_gt_1mm_last_1h,2026-10-16T08:00:00.000000+00:00,0.01,,K2635,hourly,large,error_absolute_temperature_air_mean_2m,2026-10-16T08:00:00.000000+00:00,-271.65,
K2635,hourly,small,temperature_air_mean_2m,2026-10-16T09:00:00.000000+00:00,13.8,,K2635,hourly,large,probability_precipitation_height_gt_0_1mm_last_1h,2026-10-16T09:00:00.000000+00:00,0.16,,K2635,hourly,large,probability_precipitation_height_gt_1mm_last_1h,2026-10-16T09:00:00.000000+00:00,0.0,,K2635,hourly,large,error_absolute_temperature_air_mean_2m,2026-10-16T09:00:00.000000+00:00,-271.65,
K2635,hourly,small,temperature_air_mean_2m,2026-10-16T10:00:00.000000+00:00,14.4,,K2635,hourly,large,probability_precipitation_height_gt_0_1mm_last_1h,2026-10-16T10:00:00.000000+00:00,0.15,,K2635,hourly,large,probability_precipitation_height_gt_1mm_last_1h,2026-10-16T10:00:00.000000+00:00,0.01,,K2635,hourly,large,error_absolute_temperature_air_mean_2m,2026-10-16T10:00:00.000000+00:00,-271.15,
K2635,hourly,small,temperature_air_mean_2m,2026-10-16T11:00:00.000000+00:00,15.2,,K2635,hourly,large,probability_precipitation_height_gt_0_1mm_last_1h,2026-10-16T11:00:00.000000+00:00,0.08,,K2635,hourly,large,probability_precipitation_height_gt_1mm_last_1h,2026-10-16T11:00:00.000000+00:00,0.01,,K2635,hourly,large,error_absolute_temperature_air_mean_2m,2026-10-16T11:00:00.000000+00:00,-271.15,
K2635,hourly,small,temperature_air_mean_2m,2026-10-16T12:00:00.000000+00:00,15.8,,K2635,hourly,large,probability_precipitation_height_gt_0_1mm_last_1h,2026-10-16T12:00:00.000000+00:00,0.08,,K2635,hourly,large,probability_precipitation_height_gt_1mm_last_1h,2026-10-16T12:00:00.000000+00:00,0.01,,K2635,hourly,large,error_absolute_temperature_air_mean_2m,2026-10-16T12:00:00.000000+00:00,-270.95,
K2635,hourly,small,temperature_air_mean_2m,2026-10-16T13:00:00.000000+00:00,16.5,,K2635,hourly,large,probability_precipitation_height_gt_0_1mm_last_1h,2026-10-16T13:00:00.000000+00:00,0.14,,K2635,hourly,large,probability_precipitation_height_gt_1mm_last_1h,2026-10-16T13:00:00.000000+00:00,0.01,,K2635,hourly,large,error_absolute_temperature_air_mean_2m,2026-10-16T13:00:00.000000+00:00,-270.55,
K2635,hourly,small,temperature_air_mean_2m,2026-10-16T14:00:00.000000+00:00,16.6,,K2635,hourly,large,probability_precipitation_height_gt_0_1mm_last_1h,2026-10-16T14:00:00.000000+00:00,0.21,,K2635,hourly,large,probability_precipitation_height_gt_1mm_last_1h,2026-10-16T14:00:00.000000+00:00,0.02,,K2635,hourly,large,error_absolute_temperature_air_mean_2m,2026-10-16T14:00:00.000000+00:00,-270.65,
K2635,hourly,small,temperature_air_mean_2m,2026-10-16T15:00:00.000000+00:00,16.2,,K2635,hourly,large,probability_precipitation_height_gt_0_1mm_last_1h,2026-10-16T15:00:00.000000+00:00,0.18,,K2635,hourly,large,probability_precipitation_height_gt_1mm_last_1h,2026-10-16T15:00:00.000000+00:00,0.01,,K2635,hourly,large,error_absolute_temperature_air_mean_2m,2026-10-16T15:00:00.000000+00:00,-270.65,
K2635,hourly,small,temperature_air_mean_2m,2026-10-16T16:00:00.000000+00:00,15.4,,K2635,hourly,large,probability_precipitation_height_gt_0_1mm_last_1h,2026-10-16T16:00:00.000000+00:00,0.19,,K2635,hourly,large,probability_precipitation_height_gt_1mm_last_1h,2026-10-16T16:00:00.000000+00:00,0.04,,K2635,hourly,large,error_absolute_temperature_air_mean_2m,2026-10-16T16:00:00.000000+00:00,-271.65,
K2635,hourly,small,temperature_air_mean_2m,2026-10-16T17:00:00.000000+00:00,14.6,,K2635,hourly,large,probability_precipitation_height_gt_0_1mm_last_1h,2026-10-16T17:00:00.000000+00:00,0.13,,K2635,hourly,large,probability_precipitation_height_gt_1mm_last_1h,2026-10-16T17:00:00.000000+00:00,0.05,,K2635,hourly,large,error_absolute_temperature_air_mean_2m,2026-10-16T17:00:00.000000+00:00,-271.55,
K2635,hourly,small,temperature_air_mean_2m,2026-10-16T18:00:00.000000+00:00,13.2,,K2635,hourly,large,probability_precipitation_height_gt_0_1mm_last_1h,2026-10-16T18:00:00.000000+00:00,0.08,,K2635,hourly,large,probability_precipitation_height_gt_1mm_last_1h,2026-10-16T18:00:00.000000+00:00,0.04,,K2635,hourly,large,error_absolute_temperature_air_mean_2m,2026-10-16T18:00:00.000000+00:00,-271.35,
K2635,hourly,small,temperature_air_mean_2m,2026-10-16T19:00:00.000000+00:00,12.3,,K2635,hourly,large,probability_precipitation_height_gt_0_1mm_last_1h,2026-10-16T19:00:00.000000+00:00,0.09,,K2635,hourly,large,probability_precipitation_height_gt_1mm_last_1h,2026-10-16T19:00:00.000000+00:00,0.02,,K2635,hourly,large,error_absolute_temperature_air_mean_2m,2026-10-16T19:00:00.000000+00:00,-271.35,
K2635,hourly,small,temperature_air_mean_2m,2026-10-16T20:00:00.000000+00:00,11.8,,K2635,hourly,large,probability_precipitation_height_gt_0_1mm_last_1h,2026-10-16T20:00:00.000000+00:00,0.12,,K2635,hourly,large,probability_precipitation_height_gt_1mm_last_1h,2026-10-16T20:00:00.000000+00:00,0.04,,K2635,hourly,large,error_absolute_temperature_air_mean_2m,2026-10-16T20:00:00.000000+00:00,-271.05,
K2635,hourly,small,temperature_air_mean_2m,2026-10-16T21:00:00.000000+00:00,10.9,,K2635,hourly,large,probability_precipitation_height_gt_0_1mm_last_1h,2026-10-16T21:00:00.000000+00:00,0.05,,K2635,hourly,large,probability_precipitation_height_gt_1mm_last_1h,2026-10-16T21:00:00.000000+00:00,0.01,,K2635,hourly,large,error_absolute_temperature_air_mean_2m,2026-10-16T21:00:00.000000+00:00,-271.15,
K2635,hourly,small,temperature_air_mean_2m,2026-10-16T22:00:00.000000+00:00,10.1,,K2635,hourly,large,probability_precipitation_height_gt_0_1mm_last_1h,2026-10-16T22:00:00.000000+00:00,0.08,,K2635,hourly,large,probability_precipitation_height_gt_1mm_last_1h,2026-10-16T22:00:00.000000+00:00,0.01,,K2635,hourly,large,error_absolute_temperature_air_mean_2m,2026-10-16T22:00:00.000000+00:00,-270.85,
K2635,hourly,small,temperature_air_mean_2m,2026-10-16T23:00:00.000000+00:00,9.8,,K2635,hourly,large,probability_precipitation_height_gt_0_1mm_last_1h,2026-10-16T23:00:00.000000+00:00,0.1,,K2635,hourly,large,probability_precipitation_height_gt_1mm_last_1h,2026-10-16T23:00:00.000000+00:00,0.01,,K2635,hourly,large,error_absolute_temperature_air_mean_2m,2026-10-16T23:00:00.000000+00:00,-270.65,
K2635,hourly,small,temperature_air_mean_2m,2026-10-17T00:00:00.000000+00:00,9.3,,K2635,hourly,large,probability_precipitation_height_gt_0_1mm_last_1h,2026-10-17T00:00:00.000000+00:00,0.11,,K2635,hourly,large,probability_precipitation_height_gt_1mm_last_1h,2026-10-17T00:00:00.000000+00:00,0.0,,K2635,hourly,large,error_absolute_temperature_air_mean_2m,2026-10-17T00:00:00.000000+00:00,-270.45,
K2635,hourly,small,temperature_air_mean_2m,2026-10-17T01:00:00.000000+00:00,9.1,,K2635,hourly,large,probability_precipitation_height_gt_0_1mm_last_1h,2026-10-17T01:00:00.000000+00:00,0.1,,K2635,hourly,large,probability_precipitation_height_gt_1mm_last_1h,2026-10-17T01:00:00.000000+00:00,0.01,,K2635,hourly,large,error_absolute_temperature_air_mean_2m,2026-10-17T01:00:00.000000+00:00,-270.35,
K2635,hourly,small,temperature_air_mean_2m,2026-10-17T02:00:00.000000+00:00,8.7,,K2635,hourly,large,probability_precipitation_height_gt_0_1mm_last_1h,2026-10-17T02:00:00.000000+00:00,0.11,,K2635,hourly,large,probability_precipitation_height_gt_1mm_last_1h,2026-10-17T02:00:00.000000+00:00,0.0,,K2635,hourly,large,error_absolute_temperature_air_mean_2m,2026-10-17T02:00:00.000000+00:00,-269.85,
K2635,hourly,small,temperature_air_mean_2m,2026-10-17T03:00:00.000000+00:00,8.5,,K2635,hourly,large,probability_precipitation_height_gt_0_1mm_last_1h,2026-10-17T03:00:00.000000+00:00,0.12,,K2635,hourly,large,probability_precipitation_height_gt_1mm_last_1h,2026-10-17T03:00:00.000000+00:00,0.01,,K2635,hourly,large,error_absolute_temperature_air_mean_2m,2026-10-17T03:00:00.000000+00:00,-270.05,
K2635,hourly,small,temperature_air_mean_2m,2026-10-17T04:00:00.000000+00:00,8.2,,K2635,hourly,large,probability_precipitation_height_gt_0_1mm_last_1h,2026-10-17T04:00:00.000000+00:00,0.18,,K2635,hourly,large,probability_precipitation_height_gt_1mm_last_1h,2026-10-17T04:00:00.000000+00:00,0.01,,K2635,hourly,large,error_absolute_temperature_air_mean_2m,2026-10-17T04:00:00.000000+00:00,-270.75,
K2635,hourly,small,temperature_air_mean_2m,2026-10-17T05:00:00.000000+00:00,8.2,,K2635,hourly,large,probability_precipitation_height_gt_0_1mm_last_1h,2026-10-17T05:00:00.000000+00:00,0.17,,K2635,hourly,large,probability_precipitation_height_gt_1mm_last_1h,2026-10-17T05:00:00.000000+00:00,0.01,,K2635,hourly,large,error_absolute_temperature_air_mean_2m,2026-10-17T05:00:00.000000+00:00,-270.75,
K2635,hourly,small,temperature_air_mean_2m,2026-10-17T06:00:00.000000+00:00,8.4,,K2635,hourly,large,probability_precipitation_height_gt_0_1mm_last_1h,2026-10-17T06:00:00.000000+00:00,0.12,,K2635,hourly,large,probability_precipitation_height_gt_1mm_last_1h,2026-10-17T06:00:00.000000+00:00,0.01,,K2635,hourly,large,error_absolute_temperature_air_mean_2m,2026-10-17T06:00:00.000000+00:00,-271.15,
K2635,hourly,small,temperature_air_mean_2m,2026-10-17T07:00:00.000000+00:00,8.8,,K2635,hourly,large,probability_precipitation_height_gt_0_1mm_last_1h,2026-10-17T07:00:00.000000+00:00,0.15,,K2635,hourly,large,probability_precipitation_height_gt_1mm_last_1h,2026-10-17T07:00:00.000000+00:00,0.01,,K2635,hourly,large,error_absolute_temperature_air_mean_2m,2026-10-17T07:00:00.000000+00:00,-271.15,
K2635,hourly,small,temperature_air_mean_2m,2026-10-17T08:00:00.000000+00:00,9.7,,K2635,hourly,large,probability_precipitation_height_gt_0_1mm_last_1h,2026-10-17T08:00:00.000000+00:00,0.13,,K2635,hourly,large,probability_precipitation_height_gt_1mm_last_1h,2026-10-17T08:00:00.000000+00:00,0.01,,K2635,hourly,large,error_absolute_temperature_air_mean_2m,2026-10-17T08:00:00.000000+00:00,-271.25,
K2635,hourly,small,temperature_air_mean_2m,2026-10-17T09:00:00.000000+00:00,10.7,,K2635,hourly,large,probability_precipitation_height_gt_0_1mm_last_1h,2026-10-17T09:00:00.000000+00:00,0.15,,K2635,hourly,large,probability_precipitation_height_gt_1mm_last_1h,2026-10-17T09:00:00.000000+00:00,0.01,,K2635,hourly,large,error_absolute_temperature_air_mean_2m,2026-10-17T09:00:00.000000+00:00,-271.25,
K2635,hourly,small,temperature_air_mean_2m,2026-10-17T10:00:00.000000+00:00,11.9,,K2635,hourly,large,probability_precipitation_height_gt_0_1mm_last_1h,2026-10-17T10:00:00.000000+00:00,0.07,,K2635,hourly,large,probability_precipitation_height_gt_1mm_last_1h,2026-10-17T10:00:00.000000+00:00,0.0,,K2635,hourly,large,error_absolute_temperature_air_mean_2m,2026-10-17T10:00:00.000000+00:00,-271.45,
K2635,hourly,small,temperature_air_mean_2m,2026-10-17T11:00:00.000000+00:00,12.9,,K2635,hourly,large,probability_precipitation_height_gt_0_1mm_last_1h,2026-10-17T11:00:00.000000+00:00,0.12,,K2635,hourly,large,probability_precipitation_height_gt_1mm_last_1h,2026-10-17T11:00:00.000000+00:00,0.0,,K2635,hourly,large,error_absolute_temperature_air_mean_2m,2026-10-17T11:00:00.000000+00:00,-271.25,
K2635,hourly,small,temperature_air_mean_2m,2026-10-17T12:00:00.000000+00:00,13.9,,K2635,hourly,large,probability_precipitation_height_gt_0_1mm_last_1h,2026-10-17T12:00:00.000000+00:00,0.13,,K2635,hourly,large,probability_precipitation_height_gt_1mm_last_1h,2026-10-17T12:00:00.000000+00:00,0.0,,K2635,hourly,large,error_absolute_temperature_air_mean_2m,2026-10-17T12:00:00.000000+00:00,-271.15,
K2635,hourly,small,temperature_air_mean_2m,2026-10-17T13:00:00.000000+00:00,14.3,,K2635,hourly,large,probability_precipitation_height_gt_0_1mm_last_1h,2026-10-17T13:00:00.000000+00:00,0.16,,K2635,hourly,large,probability_precipitation_height_gt_1mm_last_1h,2026-10-17T13:00:00.000000+00:00,0.01,,K2635,hourly,large,error_absolute_temperature_air_mean_2m,2026-10-17T13:00:00.000000+00:00,-270.95,
K2635,hourly,small,temperature_air_mean_2m,2026-10-17T14:00:00.000000+00:00,14.4,,K2635,hourly,large,probability_precipitation_height_gt_0_1mm_last_1h,2026-10-17T14:00:00.000000+00:00,0.13,,K2635,hourly,large,probability_precipitation_height_gt_1mm_last_1h,2026-10-17T14:00:00.000000+00:00,0.01,,K2635,hourly,large,error_absolute_temperature_air_mean_2m,2026-10-17T14:00:00.000000+00:00,-271.05,
K2635,hourly,small,temperature_air_mean_2m,2026-10-17T15:00:00.000000+00:00,14.0,,K2635,hourly,large,probability_precipitation_height_gt_0_1mm_last_1h,2026-10-17T15:00:00.000000+00:00,0.12,,K2635,hourly,large,probability_precipitation_height_gt_1mm_last_1h,2026-10-17T15:00:00.000000+00:00,0.01,,K2635,hourly,large,error_absolute_temperature_air_mean_2m,2026-10-17T15:00:00.000000+00:00,-270.95,
K2635,hourly,small,temperature_air_mean_2m,2026-10-17T16:00:00.000000+00:00,13.7,,K2635,hourly,large,probability_precipitation_height_gt_0_1mm_last_1h,2026-10-17T16:00:00.000000+00:00,0.09,,K2635,hourly,large,probability_precipitation_height_gt_1mm_last_1h,2026-10-17T16:00:00.000000+00:00,0.02,,K2635,hourly,large,error_absolute_temperature_air_mean_2m,2026-10-17T16:00:00.000000+00:00,-271.25,
K2635,hourly,small,temperature_air_mean_2m,2026-10-17T17:00:00.000000+00:00,13.0,,K2635,hourly,large,probability_precipitation_height_gt_0_1mm_last_1h,2026-10-17T17:00:00.000000+00:00,0.04,,K2635,hourly,large,probability_precipitation_height_gt_1mm_last_1h,2026-10-17T17:00:00.000000+00:00,0.01,,K2635,hourly,large,error_absolute_temperature_air_mean_2m,2026-10-17T17:00:00.000000+00:00,-271.25,
K2635,hourly,small,temperature_air_mean_2m,2026-10-17T18:00:00.000000+00:00,11.4,,K2635,hourly,large,probability_precipitation_height_gt_0_1mm_last_1h,2026-10-17T18:00:00.000000+00:00,0.04,,K2635,hourly,large,probability_precipitation_height_gt_1mm_last_1h,2026-10-17T18:00:00.000000+00:00,0.01,,K2635,hourly,large,error_absolute_temperature_air_mean_2m,2026-10-17T18:00:00.000000+00:00,-271.35,
K2635,hourly,small,temperature_air_mean_2m,2026-10-17T19:00:00.000000+00:00,10.3,,K2635,hourly,large,probability_precipitation_height_gt_0_1mm_last_1h,2026-10-17T19:00:00.000000+00:00,0.03,,K2635,hourly,large,probability_precipitation_height_gt_1mm_last_1h,2026-10-17T19:00:00.000000+00:00,0.0,,K2635,hourly,large,error_absolute_temperature_air_mean_2m,2026-10-17T19:00:00.000000+00:00,-271.25,
K2635,hourly,small,temperature_air_mean_2m,2026-10-17T20:00:00.000000+00:00,9.8,,K2635,hourly,large,probability_precipitation_height_gt_0_1mm_last_1h,2026-10-17T20:00:00.000000+00:00,0.02,,K2635,hourly,large,probability_precipitation_height_gt_1mm_last_1h,2026-10-17T20:00:00.000000+00:00,0.01,,K2635,hourly,large,error_absolute_temperature_air_mean_2m,2026-10-17T20:00:00.000000+00:00,-271.35,
K2635,hourly,small,temperature_air_mean_2m,2026-10-17T21:00:00.000000+00:00,9.3,,K2635,hourly,large,probability_precipitation_height_gt_0_1mm_last_1h,2026-10-17T21:00:00.000000+00:00,0.04,,K2635,hourly,large,probability_precipitation_height_gt_1mm_last_1h,2026-10-17T21:00:00.000000+00:00,0.01,,K2635,hourly,large,error_absolute_temperature_air_mean_2m,2026-10-17T21:00:00.000000+00:00,-271.25,
K2635,hourly,small,temperature_air_mean_2m,2026-10-17T22:00:00.000000+00:00,8.9,,K2635,hourly,large,probability_precipitation_height_gt_0_1mm_last_1h,2026-10-17T22:00:00.000000+00:00,0.06,,K2635,hourly,large,probability_precipitation_height_gt_1mm_last_1h,2026-10-17T22:00:00.000000+00:00,0.01,,K2635,hourly,large,error_absolute_temperature_air_mean_2m,2026-10-17T22:00:00.000000+00:00,-271.35,
K2635,hourly,small,temperature_air_mean_2m,2026-10-17T23:00:00.000000+00:00,8.5,,K2635,hourly,large,probability_precipitation_height_gt_0_1mm_last_1h,2026-10-17T23:00:00.000000+00:00,0.08,,K2635,hourly,large,probability_precipitation_height_gt_1mm_last_1h,2026-10-17T23:00:00.000000+00:00,0.0,,K2635,hourly,large,error_absolute_temperature_air_mean_2m,2026-10-17T23:00:00.000000+00:00,-271.35,
K2635,hourly,small,temperature_air_mean_2m,2026-10-18T00:00:00.000000+00:00,8.1,,K2635,hourly,large,probability_precipitation_height_gt_0_1mm_last_1h,2026-10-18T00:00:00.000000+00:00,0.11,,K2635,hourly,large,probability_precipitation_height_gt_1mm_last_1h,2026-10-18T00:00:00.000000+00:00,0.0,,K2635,hourly,large,error_absolute_temperature_air_mean_2m,2026-10-18T00:00:00.000000+00:00,-271.15,
K2635,hourly,small,temperature_air_mean_2m,2026-10-18T01:00:00.000000+00:00,7.7,,K2635,hourly,large,probability_precipitation_height_gt_0_1mm_last_1h,2026-10-18T01:00:00.000000+00:00,0.1,,K2635,hourly,large,probability_precipitation_height_gt_1mm_last_1h,2026-10-18T01:00:00.000000+00:00,0.0,,K2635,hourly,large,error_absolute_temperature_air_mean_2m,2026-10-18T01:00:00.000000+00:00,-271.15,
K2635,hourly,small,temperature_air_mean_2m,2026-10-18T02:00:00.000000+00:00,7.5,,K2635,hourly,large,probability_precipitation_height_gt_0_1mm_last_1h,2026-10-18T02:00:00.000000+00:00,0.06,,K2635,hourly,large,probability_precipitation_height_gt_1mm_last_1h,2026-10-18T02:00:00.000000+00:00,0.0,,K2635,hourly,large,error_absolute_temperature_air_mean_2m,2026-10-18T02:00:00.000000+00:00,-271.05,
K2635,hourly,small,temperature_air_mean_2m,2026-10-18T03:00:00.000000+00:00,7.4,,K2635,hourly,large,probability_precipitation_height_gt_0_1mm_last_1h,2026-10-18T03:00:00.000000+00:00,0.08,,K2635,hourly,large,probability_precipitation_height_gt_1mm_last_1h,2026-10-18T03:00:00.000000+00:00,0.01,,K2635,hourly,large,error_absolute_temperature_air_mean_2m,2026-10-18T03:00:00.000000+00:00,-271.15,
K2635,hourly,small,temperature_air_mean_2m,2026-10-18T04:00:00.000000+00:00,7.4,,K2635,hourly,large,probability_precipitation_height_gt_0_1mm_last_1h,2026-10-18T04:00:00.000000+00:00,0.12,,K2635,hourly,large,probability_precipitation_height_gt_1mm_last_1h,2026-10-18T04:00:00.000000+00:00,0.0,,K2635,hourly,large,error_absolute_temperature_air_mean_2m,2026-10-18T04:00:00.000000+00:00,-271.15,
K2635,hourly,small,temperature_air_mean_2m,2026-10-18T05:00:00.000000+00:00,7.4,,K2635,hourly,large,probability_precipitation_height_gt_0_1mm_last_1h,2026-10-18T05:00:00.000000+00:00,0.17,,K2635,hourly,large,probability_precipitation_height_gt_1mm_last_1h,2026-10-18T05:00:00.000000+00:00,0.01,,K2635,hourly,large,error_absolute_temperature_air_mean_2m,2026-10-18T05:00:00.000000+00:00,-271.25,
K2635,hourly,small,temperature_air_mean_2m,2026-10-18T06:00:00.000000+00:00,7.6,,K2635,hourly,large,probability_precipitation_height_gt_0_1mm_last_1h,2026-10-18T06:00:00.000000+00:00,0.13,,K2635,hourly,large,probability_precipitation_height_gt_1mm_last_1h,2026-10-18T06:00:00.000000+00:00,0.0,,K2635,hourly,large,error_absolute_temperature_air_mean_2m,2026-10-18T06:00:00.000000+00:00,-271.35,
K2635,hourly,small,temperature_air_mean_2m,2026-10-18T07:00:00.000000+00:00,8.4,,K2635,hourly,large,probability_precipitation_height_gt_0_1mm_last_1h,2026-10-18T07:00:00.000000+00:00,0.12,,K2635,hourly,large,probability_precipitation_height_gt_1mm_last_1h,2026-10-18T07:00:00.000000+00:00,0.01,,K2635,hourly,large,error_absolute_temperature_air_mean_2m,2026-10-18T07:00:00.000000+00:00,-271.25,
K2635,hourly,small,temperature_air_mean_2m,2026-10-18T08:00:00.000000+00:00,9.4,,K2635,hourly,large,probability_precipitation_height_gt_0_1mm_last_1h,2026-10-18T08:00:00.000000+00:00,0.11,,K2635,hourly,large,probability_precipitation_height_gt_1mm_last_1h,2026-10-18T08:00:00.000000+00:00,0.01,,K2635,hourly,large,error_absolute_temperature_air_mean_2m,2026-10-18T08:00:00.000000+00:00,-271.25,
K2635,hourly,small,temperature_air_mean_2m,2026-10-18T09:00:00.000000+00:00,10.3,,K2635,hourly,large,probability_precipitation_height_gt_0_1mm_last_1h,2026-10-18T09:00:00.000000+00:00,0.08,,K2635,hourly,large,probability_precipitation_height_gt_1mm_last_1h,2026-10-18T09:00:00.000000+00:00,0.01,,K2635,hourly,large,error_absolute_temperature_air_mean_2m,2026-10-18T09:00:00.000000+00:00,-270.85,
K2635,hourly,small,temperature_air_mean_2m,2026-10-18T10:00:00.000000+00:00,11.4,,K2635,hourly,large,probability_precipitation_height_gt_0_1mm_last_1h,2026-10-18T10:00:00.000000+00:00,0.11,,K2635,hourly,large,probability_precipitation_height_gt_1mm_last_1h,2026-10-18T10:00:00.000000+00:00,0.01,,K2635,hourly,large,error_absolute_temperature_air_mean_2m,2026-10-18T10:00:00.000000+00:00,-271.35,
K2635,hourly,small,temperature_air_mean_2m,2026-10-18T11:00:00.000000+00:00,12.1,,K2635,hourly,large,probability_precipitation_height_gt_0_1mm_last_1h,2026-10-18T11:00:00.000000+00:00,0.07,,K2635,hourly,large,probability_precipitation_height_gt_1mm_last_1h,2026-10-18T11:00:00.000000+00:00,0.01,,K2635,hourly,large,error_absolute_temperature_air_mean_2m,2026-10-18T11:00:00.000000+00:00,-271.15,
K2635,hourly,small,temperature_air_mean_2m,2026-10-18T12:00:00.000000+00:00,13.5,,K2635,hourly,large,probability_precipitation_height_gt_0_1mm_last_1h,2026-10-18T12:00:00.000000+00:00,0.11,,K2635,hourly,large,probability_precipitation_height_gt_1mm_last_1h,2026-10-18T12:00:00.000000+00:00,0.01,,K2635,hourly,large,error_absolute_temperature_air_mean_2m,2026-10-18T12:00:00.000000+00:00,-271.25,
K2635,hourly,small,temperature_air_mean_2m,2026-10-18T13:00:00.000000+00:00,13.8,,K2635,hourly,large,probability_precipitation_height_gt_0_1mm_last_1h,2026-10-18T13:00:00.000000+00:00,0.13,,K2635,hourly,large,probability_precipitation_height_gt_1mm_last_1h,2026-10-18T13:00:00.000000+00:00,0.01,,K2635,hourly,large,error_absolute_temperature_air_mean_2m,2026-10-18T13:00:00.000000+00:00,-271.25,
K2635,hourly,small,temperature_air_mean_2m,2026-10-18T14:00:00.000000+00:00,14.0,,K2635,hourly,large,probability_precipitation_height_gt_0_1mm_last_1h,2026-10-18T14:00:00.000000+00:00,0.09,,K2635,hourly,large,probability_precipitation_height_gt_1mm_last_1h,2026-10-18T14:00:00.000000+00:00,0.0,,K2635,hourly,large,error_absolute_temperature_air_mean_2m,2026-10-18T14:00:00.000000+00:00,-270.55,
K2635,hourly,small,temperature_air_mean_2m,2026-10-18T15:00:00.000000+00:00,13.8,,K2635,hourly,large,probability_precipitation_height_gt_0_1mm_last_1h,2026-10-18T15:00:00.000000+00:00,0.11,,K2635,hourly,large,probability_precipitation_height_gt_1mm_last_1h,2026-10-18T15:00:00.000000+00:00,0.01,,K2635,hourly,large,error_absolute_temperature_air_mean_2m,2026-10-18T15:00:00.000000+00:00,-270.45,
K2635,hourly,small,temperature_air_mean_2m,2026-10-18T16:00:00.000000+00:00,13.8,,K2635,hourly,large,probability_precipitation_height_gt_0_1mm_last_1h,2026-10-18T16:00:00.000000+00:00,0.11,,K2635,hourly,large,probability_precipitation_height_gt_1mm_last_1h,2026-10-18T16:00:00.000000+00:00,0.0,,K2635,hourly,large,error_absolute_temperature_air_mean_2m,2026-10-18T16:00:00.000000+00:00,-270.65,
K2635,hourly,small,temperature_air_mean_2m,2026-10-18T17:00:00.000000+00:00,13.4,,K2635,hourly,large,probability_precipitation_height_gt_0_1mm_last_1h,2026-10-18T17:00:00.000000+00:00,0.07,,K2635,hourly,large,probability_precipitation_height_gt_1mm_last_1h,2026-10-18T17:00:00.000000+00:00,0.01,,K2635,hourly,large,error_absolute_temperature_air_mean_2m,2026-10-18T17:00:00.000000+00:00,-270.75,
K2635,hourly,small,temperature_air_mean_2m,2026-10-18T18:00:00.000000+00:00,12.4,,K2635,hourly,large,probability_precipitation_height_gt_0_1mm_last_1h,2026-10-18T18:00:00.000000+00:00,0.07,,K2635,hourly,large,probability_precipitation_height_gt_1mm_last_1h,2026-10-18T18:00:00.000000+00:00,0.0,,K2635,hourly,large,error_absolute_temperature_air_mean_2m,2026-10-18T18:00:00.000000+00:00,-270.85,
K2635,hourly,small,temperature_air_mean_2m,2026-10-18T19:00:00.000000+00:00,11.6,,K2635,hourly,large,probability_precipitation_height_gt_0_1mm_last_1h,2026-10-18T19:00:00.000000+00:00,0.05,,K2635,hourly,large,probability_precipitation_height_gt_1mm_last_1h,2026-10-18T19:00:00.000000+00:00,0.01,,K2635,hourly,large,error_absolute_temperature_air_mean_2m,2026-10-18T19:00:00.000000+00:00,-270.85,
K2635,hourly,small,temperature_air_mean_2m,2026-10-18T20:00:00.000000+00:00,10.2,,K2635,hourly,large,probability_precipitation_height_gt_0_1mm_last_1h,2026-10-18T20:00:00.000000+00:00,0.05,,K2635,hourly,large,probability_precipitation_height_gt_1mm_last_1h,2026-10-18T20:00:00.000000+00:00,0.01,,K2635,hourly,large,error_absolute_temperature_air_mean_2m,2026-10-18T20:00:00.000000+00:00,-271.15,
K2635,hourly,small,temperature_air_mean_2m,2026-10-18T21:00:00.000000+00:00,9.7,,K2635,hourly,large,probability_precipitation_height_gt_0_1mm_last_1h,2026-10-18T21:00:00.000000+00:00,0.05,,K2635,hourly,large,probability_precipitation_height_gt_1mm_last_1h,2026-10-18T21:00:00.000000+00:00,0.01,,K2635,hourly,large,error_absolute_temperature_air_mean_2m,2026-10-18T21:00:00.000000+00:00,-271.15,
K2635,hourly,small,temperature_air_mean_2m,2026-10-18T22:00:00.000000+00:00,9.2,,K2635,hourly,large,probability_precipitation_height_gt_0_1mm_last_1h,2026-10-18T22:00:00.000000+00:00,0.05,,K2635,hourly,large,probability_precipitation_height_gt_1mm_last_1h,2026-10-18T22:00:00.000000+00:00,0.01,,K2635,hourly,large,error_absolute_temperature_air_mean_2m,2026-10-18T22:00:00.000000+00:00,-271.15,
K2635,hourly,small,temperature_air_mean_2m,2026-10-18T23:00:00.000000+00:00,8.9,,K2635,hourly,large,probability_precipitation_height_gt_0_1mm_last_1h,2026-10-18T23:00:00.000000+00:00,0.03,,K2635,hourly,large,probability_precipitation_height_gt_1mm_last_1h,2026-10-18T23:00:00.000000+00:00,0.01,,K2635,hourly,large,error_absolute_temperature_air_mean_2m,2026-10-18T23:00:00.000000+00:00,-270.65,
K2635,hourly,small,temperature_air_mean_2m,2026-10-19T00:00:00.000000+00:00,8.6,,K2635,hourly,large,probability_precipitation_height_gt_0_1mm_last_1h,2026-10-19T00:00:00.000000+00:00,0.09,,K2635,hourly,large,probability_precipitation_height_gt_1mm_last_1h,2026-10-19T00:00:00.000000+00:00,0.01,,K2635,hourly,large,error_absolute_temperature_air_mean_2m,2026-10-19T00:00:00.000000+00:00,-270.65,
K2635,hourly,small,temperature_air_mean_2m,2026-10-19T01:00:00.000000+00:00,8.4,,K2635,hourly,large,probability_precipitation_height_gt_0_1mm_last_1h,2026-10-19T01:00:00.000000+00:00,0.1,,K2635,hourly,large,probability_precipitation_height_gt_1mm_last_1h,2026-10-19T01:00:00.000000+00:00,0.01,,K2635,hourly,large,error_absolute_temperature_air_mean_2m,2026-10-19T01:00:00.000000+00:00,-270.55,
K2635,hourly,small,temperature_air_mean_2m,2026-10-19T02:00:00.000000+00:00,8.4,,K2635,hourly,large,probability_precipitation_height_gt_0_1mm_last_1h,2026-10-19T02:00:00.000000+00:00,0.09,,K2635,hourly,large,probability_precipitation_height_gt_1mm_last_1h,2026-10-19T02:00:00.000000+00:00,0.01,,K2635,hourly,large,error_absolute_temperature_air_mean_2m,2026-10-19T02:00:00.000000+00:00,-270.45,
K2635,hourly,small,temperature_air_mean_2m,2026-10-19T03:00:00.000000+00:00,8.5,,K2635,hourly,large,probability_precipitation_height_gt_0_1mm_last_1h,2026-10-19T03:00:00.000000+00:00,0.11,,K2635,hourly,large,probability_precipitation_height_gt_1mm_last_1h,2026-10-19T03:00:00.000000+00:00,0.01,,K2635,hourly,large,error_absolute_temperature_air_mean_2m,2026-10-19T03:00:00.000000+00:00,-270.45,
K2635,hourly,small,temperature_air_mean_2m,2026-10-19T04:00:00.000000+00:00,8.4,,K2635,hourly,large,probability_precipitation_height_gt_0_1mm_last_1h,2026-10-19T04:00:00.000000+00:00,0.08,,K2635,hourly,large,probability_precipitation_height_gt_1mm_last_1h,2026-10-19T04:00:00.000000+00:00,0.02,,K2635,hourly,large,error_absolute_temperature_air_mean_2m,2026-10-19T04:00:00.000000+00:00,-270.55,
K2635,hourly,small,temperature_air_mean_2m,2026-10-19T05:00:00.000000+00:00,9.7,,K2635,hourly,large,probability_precipitation_height_gt_0_1mm_last_1h,2026-10-19T05:00:00.000000+00:00,0.11,,K2635,hourly,large,probability_precipitation_height_gt_1mm_last_1h,2026-10-19T05:00:00.000000+00:00,0.0,,K2635,hourly,large,error_absolute_temperature_air_mean_2m,2026-10-19T05:00:00.000000+00:00,-270.25,
K2635,hourly,small,temperature_air_mean_2m,2026-10-19T06:00:00.000000+00:00,9.9,,K2635,hourly,large,probability_precipitation_height_gt_0_1mm_last_1h,2026-10-19T06:00:00.000000+00:00,0.08,,K2635,hourly,large,probability_precipitation_height_gt_1mm_last_1h,2026-10-19T06:00:00.000000+00:00,0.02,,K2635,hourly,large,error_absolute_temperature_air_mean_2m,2026-10-19T06:00:00.000000+00:00,-269.95,
,K2635,hourly,large,probability_precipitation_height_gt_0_1mm_last_1h,2026-10-19T07:00:00.000000+00:00,0.12,,K2635,hourly,large,probability_precipitation_height_gt_1mm_last_1h,2026-10-19T07:00:00.000000+00:00,0.02,,K2635,hourly,large,error_absolute_temperature_air_mean_2m,2026-10-19T07:00:00.000000+00:00,-270.05,
,,,
